Year and Quarter,Topic,Topic Subgroup,Indicator,Race Ethnicity Category,Rate,Unit,Significant
2024 Q1,Birth Rates,Age-specific Birth Rates,10-14 years,All races and origins,0.20,"per 1,000 population",
2024 Q1,Birth Rates,Age-specific Birth Rates,10-14 years,Hispanic,0.30,"per 1,000 population",
2024 Q1,Birth Rates,Age-specific Birth Rates,10-14 years,Non-Hispanic Black,0.30,"per 1,000 population",*
2024 Q1,Birth Rates,Age-specific Birth Rates,10-14 years,Non-Hispanic White,0.10,"per 1,000 population",
2024 Q1,Birth Rates,Age-specific Birth Rates,15-19 years,All races and origins,13.20,"per 1,000 population",*
2024 Q1,Birth Rates,Age-specific Birth Rates,15-19 years,Hispanic,21.30,"per 1,000 population",
2024 Q1,Birth Rates,Age-specific Birth Rates,15-19 years,Non-Hispanic Black,19.10,"per 1,000 population",*
2024 Q1,Birth Rates,Age-specific Birth Rates,15-19 years,Non-Hispanic White,8.50,"per 1,000 population",*
2024 Q1,Birth Rates,Age-specific Birth Rates,20-24 years,All races and origins,55.10,"per 1,000 population",*
2024 Q1,Birth Rates,Age-specific Birth Rates,20-24 years,Hispanic,78.30,"per 1,000 population",*
2024 Q1,Birth Rates,Age-specific Birth Rates,20-24 years,Non-Hispanic Black,65.30,"per 1,000 population",*
2024 Q1,Birth Rates,Age-specific Birth Rates,20-24 years,Non-Hispanic White,46.00,"per 1,000 population",*
2024 Q1,Birth Rates,Age-specific Birth Rates,25-29 years,All races and origins,91.10,"per 1,000 population",*
2024 Q1,Birth Rates,Age-specific Birth Rates,25-29 years,Hispanic,112.50,"per 1,000 population",*
2024 Q1,Birth Rates,Age-specific Birth Rates,25-29 years,Non-Hispanic Black,84.20,"per 1,000 population",*
2024 Q1,Birth Rates,Age-specific Birth Rates,25-29 years,Non-Hispanic White,89.20,"per 1,000 population",*
2024 Q1,Birth Rates,Age-specific Birth Rates,30-34 years,All races and origins,95.60,"per 1,000 population",*
2024 Q1,Birth Rates,Age-specific Birth Rates,30-34 years,Hispanic,102.40,"per 1,000 population",
2024 Q1,Birth Rates,Age-specific Birth Rates,30-34 years,Non-Hispanic Black,76.40,"per 1,000 population",*
2024 Q1,Birth Rates,Age-specific Birth Rates,30-34 years,Non-Hispanic White,98.30,"per 1,000 population",*
2024 Q1,Birth Rates,Age-specific Birth Rates,35-39 years,All races and origins,55.00,"per 1,000 population",*
2024 Q1,Birth Rates,Age-specific Birth Rates,35-39 years,Hispanic,60.20,"per 1,000 population",*
2024 Q1,Birth Rates,Age-specific Birth Rates,35-39 years,Non-Hispanic Black,49.70,"per 1,000 population",*
2024 Q1,Birth Rates,Age-specific Birth Rates,35-39 years,Non-Hispanic White,52.60,"per 1,000 population",
2024 Q1,Birth Rates,Age-specific Birth Rates,40-44 years,All races and origins,12.80,"per 1,000 population",*
2024 Q1,Birth Rates,Age-specific Birth Rates,40-44 years,Hispanic,15.80,"per 1,000 population",*
2024 Q1,Birth Rates,Age-specific Birth Rates,40-44 years,Non-Hispanic Black,14.10,"per 1,000 population",
2024 Q1,Birth Rates,Age-specific Birth Rates,40-44 years,Non-Hispanic White,10.70,"per 1,000 population",
2024 Q1,Birth Rates,Age-specific Birth Rates,45+ years,All races and origins,1.10,"per 1,000 population",
2024 Q1,Birth Rates,Age-specific Birth Rates,45+ years,Hispanic,1.10,"per 1,000 population",*
2024 Q1,Birth Rates,Age-specific Birth Rates,45+ years,Non-Hispanic Black,1.50,"per 1,000 population",*
2024 Q1,Birth Rates,Age-specific Birth Rates,45+ years,Non-Hispanic White,0.90,"per 1,000 population",
2024 Q1,Birth Rates,General Fertility Rates,15-44 years,All races and origins,54.50,"per 1,000 population",*
2024 Q1,Birth Rates,General Fertility Rates,15-44 years,Hispanic,65.30,"per 1,000 population",*
2024 Q1,Birth Rates,General Fertility Rates,15-44 years,Non-Hispanic Black,52.90,"per 1,000 population",*
2024 Q1,Birth Rates,General Fertility Rates,15-44 years,Non-Hispanic White,51.70,"per 1,000 population",*
2024 Q1,Birth Rates,Teen Birth Rates,10-14 years,All races and origins,0.20,"per 1,000 population",
2024 Q1,Birth Rates,Teen Birth Rates,10-14 years,Hispanic,0.30,"per 1,000 population",
2024 Q1,Birth Rates,Teen Birth Rates,10-14 years,Non-Hispanic Black,0.30,"per 1,000 population",*
2024 Q1,Birth Rates,Teen Birth Rates,10-14 years,Non-Hispanic White,0.10,"per 1,000 population",
2024 Q1,Birth Rates,Teen Birth Rates,15-17 years,All races and origins,5.50,"per 1,000 population",*
2024 Q1,Birth Rates,Teen Birth Rates,15-17 years,Hispanic,9.50,"per 1,000 population",
2024 Q1,Birth Rates,Teen Birth Rates,15-17 years,Non-Hispanic Black,8.80,"per 1,000 population",*
2024 Q1,Birth Rates,Teen Birth Rates,15-17 years,Non-Hispanic White,2.90,"per 1,000 population",*
2024 Q1,Birth Rates,Teen Birth Rates,18-19 years,All races and origins,24.80,"per 1,000 population",*
2024 Q1,Birth Rates,Teen Birth Rates,18-19 years,Hispanic,39.80,"per 1,000 population",
2024 Q1,Birth Rates,Teen Birth Rates,18-19 years,Non-Hispanic Black,35.10,"per 1,000 population",*
2024 Q1,Birth Rates,Teen Birth Rates,18-19 years,Non-Hispanic White,16.80,"per 1,000 population",*
2024 Q1,Birth Rates,Teen Birth Rates,15-19 years,All races and origins,13.20,"per 1,000 population",*
2024 Q1,Birth Rates,Teen Birth Rates,15-19 years,Hispanic,21.30,"per 1,000 population",
2024 Q1,Birth Rates,Teen Birth Rates,15-19 years,Non-Hispanic Black,19.10,"per 1,000 population",*
2024 Q1,Birth Rates,Teen Birth Rates,15-19 years,Non-Hispanic White,8.50,"per 1,000 population",*
2024 Q1,Birthweight,Low Birthweight Rates,"Low birthweight (Less than 2,500g)",All races and origins,8.59,per 100 births,
2024 Q1,Birthweight,Low Birthweight Rates,"Low birthweight (Less than 2,500g)",Hispanic,7.93,per 100 births,
2024 Q1,Birthweight,Low Birthweight Rates,"Low birthweight (Less than 2,500g)",Non-Hispanic Black,14.86,per 100 births,
2024 Q1,Birthweight,Low Birthweight Rates,"Low birthweight (Less than 2,500g)",Non-Hispanic White,7.06,per 100 births,
2024 Q1,Gestational Age,Preterm Birth Rates,Early preterm (<34 weeks),All races and origins,2.76,per 100 births,
2024 Q1,Gestational Age,Preterm Birth Rates,Early preterm (<34 weeks),Hispanic,2.61,per 100 births,
2024 Q1,Gestational Age,Preterm Birth Rates,Early preterm (<34 weeks),Non-Hispanic Black,4.83,per 100 births,
2024 Q1,Gestational Age,Preterm Birth Rates,Early preterm (<34 weeks),Non-Hispanic White,2.30,per 100 births,*
2024 Q1,Gestational Age,Preterm Birth Rates,Late preterm (34-36 weeks),All races and origins,7.69,per 100 births,*
2024 Q1,Gestational Age,Preterm Birth Rates,Late preterm (34-36 weeks),Hispanic,7.55,per 100 births,*
2024 Q1,Gestational Age,Preterm Birth Rates,Late preterm (34-36 weeks),Non-Hispanic Black,9.97,per 100 births,*
2024 Q1,Gestational Age,Preterm Birth Rates,Late preterm (34-36 weeks),Non-Hispanic White,7.20,per 100 births,*
2024 Q1,Gestational Age,Preterm Birth Rates,Total preterm (<37 weeks),All races and origins,10.46,per 100 births,*
2024 Q1,Gestational Age,Preterm Birth Rates,Total preterm (<37 weeks),Hispanic,10.16,per 100 births,*
2024 Q1,Gestational Age,Preterm Birth Rates,Total preterm (<37 weeks),Non-Hispanic Black,14.81,per 100 births,*
2024 Q1,Gestational Age,Preterm Birth Rates,Total preterm (<37 weeks),Non-Hispanic White,9.50,per 100 births,*
2024 Q1,Gestational Age,Term Birth Rates,Early term (37-38 weeks),All races and origins,29.99,per 100 births,*
2024 Q1,Gestational Age,Term Birth Rates,Early term (37-38 weeks),Hispanic,30.55,per 100 births,*
2024 Q1,Gestational Age,Term Birth Rates,Early term (37-38 weeks),Non-Hispanic Black,33.65,per 100 births,*
2024 Q1,Gestational Age,Term Birth Rates,Early term (37-38 weeks),Non-Hispanic White,28.48,per 100 births,*
2024 Q1,Gestational Age,Term Birth Rates,Full term (39-40 weeks),All races and origins,54.79,per 100 births,*
2024 Q1,Gestational Age,Term Birth Rates,Full term (39-40 weeks),Hispanic,54.99,per 100 births,*
2024 Q1,Gestational Age,Term Birth Rates,Full term (39-40 weeks),Non-Hispanic Black,47.95,per 100 births,*
2024 Q1,Gestational Age,Term Birth Rates,Full term (39-40 weeks),Non-Hispanic White,56.54,per 100 births,*
2024 Q1,Gestational Age,Term Birth Rates,Late term (41 weeks),All races and origins,4.77,per 100 births,*
2024 Q1,Gestational Age,Term Birth Rates,Late term (41 weeks),Hispanic,4.31,per 100 births,*
2024 Q1,Gestational Age,Term Birth Rates,Late term (41 weeks),Non-Hispanic Black,3.59,per 100 births,
2024 Q1,Gestational Age,Term Birth Rates,Late term (41 weeks),Non-Hispanic White,5.48,per 100 births,*
2024 Q1,Method of Delivery,Cesarean Delivery Rates,Cesarean,All races and origins,32.40,per 100 births,*
2024 Q1,Method of Delivery,Cesarean Delivery Rates,Cesarean,Hispanic,32.10,per 100 births,*
2024 Q1,Method of Delivery,Cesarean Delivery Rates,Cesarean,Non-Hispanic Black,37.10,per 100 births,*
2024 Q1,Method of Delivery,Cesarean Delivery Rates,Cesarean,Non-Hispanic White,31.10,per 100 births,
2024 Q1,Method of Delivery,Cesarean Delivery Rates,Low-risk Cesarean,All races and origins,26.60,per 100 births,*
2024 Q1,Method of Delivery,Cesarean Delivery Rates,Low-risk Cesarean,Hispanic,25.90,per 100 births,*
2024 Q1,Method of Delivery,Cesarean Delivery Rates,Low-risk Cesarean,Non-Hispanic Black,30.90,per 100 births,
2024 Q1,Method of Delivery,Cesarean Delivery Rates,Low-risk Cesarean,Non-Hispanic White,25.60,per 100 births,*
2024 Q1,Method of Delivery,Vaginal Birth After Cesarean Delivery Rates,Vaginal Birth After Cesarean Delivery,All races and origins,15.20,per 100 births,*
2024 Q1,Method of Delivery,Vaginal Birth After Cesarean Delivery Rates,Vaginal Birth After Cesarean Delivery,Hispanic,14.80,per 100 births,*
2024 Q1,Method of Delivery,Vaginal Birth After Cesarean Delivery Rates,Vaginal Birth After Cesarean Delivery,Non-Hispanic Black,15.10,per 100 births,*
2024 Q1,Method of Delivery,Vaginal Birth After Cesarean Delivery Rates,Vaginal Birth After Cesarean Delivery,Non-Hispanic White,15.40,per 100 births,*
2024 Q1,NICU Admission,NICU Admission Rates,NICU Admission,All races and origins,9.90,per 100 births,*
2024 Q1,NICU Admission,NICU Admission Rates,NICU Admission,Hispanic,8.90,per 100 births,*
2024 Q1,NICU Admission,NICU Admission Rates,NICU Admission,Non-Hispanic Black,13.30,per 100 births,*
2024 Q1,NICU Admission,NICU Admission Rates,NICU Admission,Non-Hispanic White,9.50,per 100 births,*
2024 Q1,Source of Payment for the Delivery,Medicaid,Medicaid,All races and origins,41.10,per 100 births,*
2024 Q1,Source of Payment for the Delivery,Medicaid,Medicaid,Hispanic,58.40,per 100 births,*
2024 Q1,Source of Payment for the Delivery,Medicaid,Medicaid,Non-Hispanic Black,64.00,per 100 births,*
2024 Q1,Source of Payment for the Delivery,Medicaid,Medicaid,Non-Hispanic White,27.40,per 100 births,*
2023 Q4,Birth Rates,Age-specific Birth Rates,10-14 years,All races and origins,0.20,"per 1,000 population",
2023 Q4,Birth Rates,Age-specific Birth Rates,10-14 years,Hispanic,0.30,"per 1,000 population",
2023 Q4,Birth Rates,Age-specific Birth Rates,10-14 years,Non-Hispanic Black,0.40,"per 1,000 population",
2023 Q4,Birth Rates,Age-specific Birth Rates,10-14 years,Non-Hispanic White,0.10,"per 1,000 population",
2023 Q4,Birth Rates,Age-specific Birth Rates,15-19 years,All races and origins,13.20,"per 1,000 population",
2023 Q4,Birth Rates,Age-specific Birth Rates,15-19 years,Hispanic,21.20,"per 1,000 population",
2023 Q4,Birth Rates,Age-specific Birth Rates,15-19 years,Non-Hispanic Black,19.40,"per 1,000 population",
2023 Q4,Birth Rates,Age-specific Birth Rates,15-19 years,Non-Hispanic White,8.50,"per 1,000 population",
2023 Q4,Birth Rates,Age-specific Birth Rates,20-24 years,All races and origins,55.40,"per 1,000 population",
2023 Q4,Birth Rates,Age-specific Birth Rates,20-24 years,Hispanic,78.00,"per 1,000 population",
2023 Q4,Birth Rates,Age-specific Birth Rates,20-24 years,Non-Hispanic Black,66.70,"per 1,000 population",
2023 Q4,Birth Rates,Age-specific Birth Rates,20-24 years,Non-Hispanic White,46.30,"per 1,000 population",
2023 Q4,Birth Rates,Age-specific Birth Rates,25-29 years,All races and origins,91.00,"per 1,000 population",
2023 Q4,Birth Rates,Age-specific Birth Rates,25-29 years,Hispanic,112.00,"per 1,000 population",
2023 Q4,Birth Rates,Age-specific Birth Rates,25-29 years,Non-Hispanic Black,85.20,"per 1,000 population",
2023 Q4,Birth Rates,Age-specific Birth Rates,25-29 years,Non-Hispanic White,89.00,"per 1,000 population",
2023 Q4,Birth Rates,Age-specific Birth Rates,30-34 years,All races and origins,95.10,"per 1,000 population",
2023 Q4,Birth Rates,Age-specific Birth Rates,30-34 years,Hispanic,101.70,"per 1,000 population",
2023 Q4,Birth Rates,Age-specific Birth Rates,30-34 years,Non-Hispanic Black,76.90,"per 1,000 population",
2023 Q4,Birth Rates,Age-specific Birth Rates,30-34 years,Non-Hispanic White,97.80,"per 1,000 population",
2023 Q4,Birth Rates,Age-specific Birth Rates,35-39 years,All races and origins,54.70,"per 1,000 population",
2023 Q4,Birth Rates,Age-specific Birth Rates,35-39 years,Hispanic,59.90,"per 1,000 population",
2023 Q4,Birth Rates,Age-specific Birth Rates,35-39 years,Non-Hispanic Black,50.00,"per 1,000 population",
2023 Q4,Birth Rates,Age-specific Birth Rates,35-39 years,Non-Hispanic White,52.20,"per 1,000 population",
2023 Q4,Birth Rates,Age-specific Birth Rates,40-44 years,All races and origins,12.60,"per 1,000 population",
2023 Q4,Birth Rates,Age-specific Birth Rates,40-44 years,Hispanic,15.70,"per 1,000 population",
2023 Q4,Birth Rates,Age-specific Birth Rates,40-44 years,Non-Hispanic Black,14.00,"per 1,000 population",
2023 Q4,Birth Rates,Age-specific Birth Rates,40-44 years,Non-Hispanic White,10.60,"per 1,000 population",
2023 Q4,Birth Rates,Age-specific Birth Rates,45+ years,All races and origins,1.10,"per 1,000 population",
2023 Q4,Birth Rates,Age-specific Birth Rates,45+ years,Hispanic,1.20,"per 1,000 population",
2023 Q4,Birth Rates,Age-specific Birth Rates,45+ years,Non-Hispanic Black,1.50,"per 1,000 population",
2023 Q4,Birth Rates,Age-specific Birth Rates,45+ years,Non-Hispanic White,0.90,"per 1,000 population",
2023 Q4,Birth Rates,General Fertility Rates,15-44 years,All races and origins,54.40,"per 1,000 population",
2023 Q4,Birth Rates,General Fertility Rates,15-44 years,Hispanic,65.00,"per 1,000 population",
2023 Q4,Birth Rates,General Fertility Rates,15-44 years,Non-Hispanic Black,53.50,"per 1,000 population",
2023 Q4,Birth Rates,General Fertility Rates,15-44 years,Non-Hispanic White,51.60,"per 1,000 population",
2023 Q4,Birth Rates,Teen Birth Rates,10-14 years,All races and origins,0.20,"per 1,000 population",
2023 Q4,Birth Rates,Teen Birth Rates,10-14 years,Hispanic,0.30,"per 1,000 population",
2023 Q4,Birth Rates,Teen Birth Rates,10-14 years,Non-Hispanic Black,0.40,"per 1,000 population",
2023 Q4,Birth Rates,Teen Birth Rates,10-14 years,Non-Hispanic White,0.10,"per 1,000 population",
2023 Q4,Birth Rates,Teen Birth Rates,15-17 years,All races and origins,5.60,"per 1,000 population",
2023 Q4,Birth Rates,Teen Birth Rates,15-17 years,Hispanic,9.50,"per 1,000 population",
2023 Q4,Birth Rates,Teen Birth Rates,15-17 years,Non-Hispanic Black,9.00,"per 1,000 population",
2023 Q4,Birth Rates,Teen Birth Rates,15-17 years,Non-Hispanic White,2.90,"per 1,000 population",
2023 Q4,Birth Rates,Teen Birth Rates,18-19 years,All races and origins,24.90,"per 1,000 population",
2023 Q4,Birth Rates,Teen Birth Rates,18-19 years,Hispanic,39.70,"per 1,000 population",
2023 Q4,Birth Rates,Teen Birth Rates,18-19 years,Non-Hispanic Black,35.80,"per 1,000 population",
2023 Q4,Birth Rates,Teen Birth Rates,18-19 years,Non-Hispanic White,16.80,"per 1,000 population",
2023 Q4,Birth Rates,Teen Birth Rates,15-19 years,All races and origins,13.20,"per 1,000 population",
2023 Q4,Birth Rates,Teen Birth Rates,15-19 years,Hispanic,21.20,"per 1,000 population",
2023 Q4,Birth Rates,Teen Birth Rates,15-19 years,Non-Hispanic Black,19.40,"per 1,000 population",
2023 Q4,Birth Rates,Teen Birth Rates,15-19 years,Non-Hispanic White,8.50,"per 1,000 population",
2023 Q4,Birthweight,Low Birthweight Rates,"Low birthweight (Less than 2,500g)",All races and origins,8.58,per 100 births,
2023 Q4,Birthweight,Low Birthweight Rates,"Low birthweight (Less than 2,500g)",Hispanic,7.92,per 100 births,
2023 Q4,Birthweight,Low Birthweight Rates,"Low birthweight (Less than 2,500g)",Non-Hispanic Black,14.80,per 100 births,
2023 Q4,Birthweight,Low Birthweight Rates,"Low birthweight (Less than 2,500g)",Non-Hispanic White,7.04,per 100 births,
2023 Q4,Gestational Age,Preterm Birth Rates,Early preterm (<34 weeks),All races and origins,2.76,per 100 births,
2023 Q4,Gestational Age,Preterm Birth Rates,Early preterm (<34 weeks),Hispanic,2.62,per 100 births,
2023 Q4,Gestational Age,Preterm Birth Rates,Early preterm (<34 weeks),Non-Hispanic Black,4.85,per 100 births,
2023 Q4,Gestational Age,Preterm Birth Rates,Early preterm (<34 weeks),Non-Hispanic White,2.28,per 100 births,
2023 Q4,Gestational Age,Preterm Birth Rates,Late preterm (34-36 weeks),All races and origins,7.65,per 100 births,
2023 Q4,Gestational Age,Preterm Birth Rates,Late preterm (34-36 weeks),Hispanic,7.52,per 100 births,
2023 Q4,Gestational Age,Preterm Birth Rates,Late preterm (34-36 weeks),Non-Hispanic Black,9.80,per 100 births,
2023 Q4,Gestational Age,Preterm Birth Rates,Late preterm (34-36 weeks),Non-Hispanic White,7.17,per 100 births,
2023 Q4,Gestational Age,Preterm Birth Rates,Total preterm (<37 weeks),All races and origins,10.41,per 100 births,
2023 Q4,Gestational Age,Preterm Birth Rates,Total preterm (<37 weeks),Hispanic,10.14,per 100 births,
2023 Q4,Gestational Age,Preterm Birth Rates,Total preterm (<37 weeks),Non-Hispanic Black,14.65,per 100 births,
2023 Q4,Gestational Age,Preterm Birth Rates,Total preterm (<37 weeks),Non-Hispanic White,9.45,per 100 births,
2023 Q4,Gestational Age,Term Birth Rates,Early term (37-38 weeks),All races and origins,29.85,per 100 births,
2023 Q4,Gestational Age,Term Birth Rates,Early term (37-38 weeks),Hispanic,30.41,per 100 births,
2023 Q4,Gestational Age,Term Birth Rates,Early term (37-38 weeks),Non-Hispanic Black,33.48,per 100 births,
2023 Q4,Gestational Age,Term Birth Rates,Early term (37-38 weeks),Non-Hispanic White,28.31,per 100 births,
2023 Q4,Gestational Age,Term Birth Rates,Full term (39-40 weeks),All races and origins,54.94,per 100 births,
2023 Q4,Gestational Age,Term Birth Rates,Full term (39-40 weeks),Hispanic,55.11,per 100 births,
2023 Q4,Gestational Age,Term Birth Rates,Full term (39-40 weeks),Non-Hispanic Black,48.26,per 100 births,
2023 Q4,Gestational Age,Term Birth Rates,Full term (39-40 weeks),Non-Hispanic White,56.72,per 100 births,
2023 Q4,Gestational Age,Term Birth Rates,Late term (41 weeks),All races and origins,4.81,per 100 births,
2023 Q4,Gestational Age,Term Birth Rates,Late term (41 weeks),Hispanic,4.35,per 100 births,
2023 Q4,Gestational Age,Term Birth Rates,Late term (41 weeks),Non-Hispanic Black,3.62,per 100 births,
2023 Q4,Gestational Age,Term Birth Rates,Late term (41 weeks),Non-Hispanic White,5.52,per 100 births,
2023 Q4,Method of Delivery,Cesarean Delivery Rates,Cesarean,All races and origins,32.40,per 100 births,
2023 Q4,Method of Delivery,Cesarean Delivery Rates,Cesarean,Hispanic,32.00,per 100 births,
2023 Q4,Method of Delivery,Cesarean Delivery Rates,Cesarean,Non-Hispanic Black,37.00,per 100 births,
2023 Q4,Method of Delivery,Cesarean Delivery Rates,Cesarean,Non-Hispanic White,31.20,per 100 births,
2023 Q4,Method of Delivery,Cesarean Delivery Rates,Low-risk Cesarean,All races and origins,26.60,per 100 births,
2023 Q4,Method of Delivery,Cesarean Delivery Rates,Low-risk Cesarean,Hispanic,25.90,per 100 births,
2023 Q4,Method of Delivery,Cesarean Delivery Rates,Low-risk Cesarean,Non-Hispanic Black,30.80,per 100 births,
2023 Q4,Method of Delivery,Cesarean Delivery Rates,Low-risk Cesarean,Non-Hispanic White,25.60,per 100 births,
2023 Q4,Method of Delivery,Vaginal Birth After Cesarean Delivery Rates,Vaginal Birth After Cesarean Delivery,All races and origins,15.10,per 100 births,
2023 Q4,Method of Delivery,Vaginal Birth After Cesarean Delivery Rates,Vaginal Birth After Cesarean Delivery,Hispanic,14.70,per 100 births,
2023 Q4,Method of Delivery,Vaginal Birth After Cesarean Delivery Rates,Vaginal Birth After Cesarean Delivery,Non-Hispanic Black,14.90,per 100 births,
2023 Q4,Method of Delivery,Vaginal Birth After Cesarean Delivery Rates,Vaginal Birth After Cesarean Delivery,Non-Hispanic White,15.20,per 100 births,
2023 Q4,NICU Admission,NICU Admission Rates,NICU Admission,All races and origins,9.80,per 100 births,
2023 Q4,NICU Admission,NICU Admission Rates,NICU Admission,Hispanic,8.90,per 100 births,
2023 Q4,NICU Admission,NICU Admission Rates,NICU Admission,Non-Hispanic Black,13.20,per 100 births,
2023 Q4,NICU Admission,NICU Admission Rates,NICU Admission,Non-Hispanic White,9.40,per 100 births,
2023 Q4,Source of Payment for the Delivery,Medicaid,Medicaid,All races and origins,41.50,per 100 births,
2023 Q4,Source of Payment for the Delivery,Medicaid,Medicaid,Hispanic,58.80,per 100 births,
2023 Q4,Source of Payment for the Delivery,Medicaid,Medicaid,Non-Hispanic Black,64.50,per 100 births,
2023 Q4,Source of Payment for the Delivery,Medicaid,Medicaid,Non-Hispanic White,27.60,per 100 births,
2023 Q4,Birth Rates,Age-specific Birth Rates,10-14 years,All races and origins,0.20,"per 1,000 population",
2023 Q4,Birth Rates,Age-specific Birth Rates,10-14 years,Hispanic,0.30,"per 1,000 population",
2023 Q4,Birth Rates,Age-specific Birth Rates,10-14 years,Non-Hispanic Black,0.40,"per 1,000 population",
2023 Q4,Birth Rates,Age-specific Birth Rates,10-14 years,Non-Hispanic White,0.10,"per 1,000 population",
2023 Q3,Birth Rates,Age-specific Birth Rates,15-19 years,All races and origins,13.40,"per 1,000 population",
2023 Q3,Birth Rates,Age-specific Birth Rates,15-19 years,Hispanic,21.30,"per 1,000 population",
2023 Q3,Birth Rates,Age-specific Birth Rates,15-19 years,Non-Hispanic Black,19.70,"per 1,000 population",
2023 Q3,Birth Rates,Age-specific Birth Rates,15-19 years,Non-Hispanic White,8.70,"per 1,000 population",
2023 Q3,Birth Rates,Age-specific Birth Rates,20-24 years,All races and origins,56.00,"per 1,000 population",
2023 Q3,Birth Rates,Age-specific Birth Rates,20-24 years,Hispanic,78.30,"per 1,000 population",
2023 Q3,Birth Rates,Age-specific Birth Rates,20-24 years,Non-Hispanic Black,68.10,"per 1,000 population",
2023 Q3,Birth Rates,Age-specific Birth Rates,20-24 years,Non-Hispanic White,46.80,"per 1,000 population",
2023 Q3,Birth Rates,Age-specific Birth Rates,25-29 years,All races and origins,92.00,"per 1,000 population",
2023 Q3,Birth Rates,Age-specific Birth Rates,25-29 years,Hispanic,112.80,"per 1,000 population",
2023 Q3,Birth Rates,Age-specific Birth Rates,25-29 years,Non-Hispanic Black,87.30,"per 1,000 population",
2023 Q3,Birth Rates,Age-specific Birth Rates,25-29 years,Non-Hispanic White,89.90,"per 1,000 population",
2023 Q3,Birth Rates,Age-specific Birth Rates,30-34 years,All races and origins,95.70,"per 1,000 population",
2023 Q3,Birth Rates,Age-specific Birth Rates,30-34 years,Hispanic,101.90,"per 1,000 population",
2023 Q3,Birth Rates,Age-specific Birth Rates,30-34 years,Non-Hispanic Black,77.70,"per 1,000 population",
2023 Q3,Birth Rates,Age-specific Birth Rates,30-34 years,Non-Hispanic White,98.50,"per 1,000 population",
2023 Q3,Birth Rates,Age-specific Birth Rates,35-39 years,All races and origins,54.90,"per 1,000 population",
2023 Q3,Birth Rates,Age-specific Birth Rates,35-39 years,Hispanic,59.80,"per 1,000 population",
2023 Q3,Birth Rates,Age-specific Birth Rates,35-39 years,Non-Hispanic Black,50.50,"per 1,000 population",
2023 Q3,Birth Rates,Age-specific Birth Rates,35-39 years,Non-Hispanic White,52.40,"per 1,000 population",
2023 Q3,Birth Rates,Age-specific Birth Rates,40-44 years,All races and origins,12.70,"per 1,000 population",
2023 Q3,Birth Rates,Age-specific Birth Rates,40-44 years,Hispanic,15.70,"per 1,000 population",
2023 Q3,Birth Rates,Age-specific Birth Rates,40-44 years,Non-Hispanic Black,14.00,"per 1,000 population",
2023 Q3,Birth Rates,Age-specific Birth Rates,40-44 years,Non-Hispanic White,10.60,"per 1,000 population",
2023 Q3,Birth Rates,Age-specific Birth Rates,45+ years,All races and origins,1.10,"per 1,000 population",
2023 Q3,Birth Rates,Age-specific Birth Rates,45+ years,Hispanic,1.20,"per 1,000 population",
2023 Q3,Birth Rates,Age-specific Birth Rates,45+ years,Non-Hispanic Black,1.50,"per 1,000 population",
2023 Q3,Birth Rates,Age-specific Birth Rates,45+ years,Non-Hispanic White,0.90,"per 1,000 population",
2023 Q3,Birth Rates,General Fertility Rates,15-44 years,All races and origins,54.90,"per 1,000 population",
2023 Q3,Birth Rates,General Fertility Rates,15-44 years,Hispanic,65.20,"per 1,000 population",
2023 Q3,Birth Rates,General Fertility Rates,15-44 years,Non-Hispanic Black,54.40,"per 1,000 population",
2023 Q3,Birth Rates,General Fertility Rates,15-44 years,Non-Hispanic White,52.00,"per 1,000 population",
2023 Q3,Birth Rates,Teen Birth Rates,10-14 years,All races and origins,0.20,"per 1,000 population",
2023 Q3,Birth Rates,Teen Birth Rates,10-14 years,Hispanic,0.30,"per 1,000 population",
2023 Q3,Birth Rates,Teen Birth Rates,10-14 years,Non-Hispanic Black,0.40,"per 1,000 population",
2023 Q3,Birth Rates,Teen Birth Rates,10-14 years,Non-Hispanic White,0.10,"per 1,000 population",
2023 Q3,Birth Rates,Teen Birth Rates,15-17 years,All races and origins,5.60,"per 1,000 population",
2023 Q3,Birth Rates,Teen Birth Rates,15-17 years,Hispanic,9.50,"per 1,000 population",
2023 Q3,Birth Rates,Teen Birth Rates,15-17 years,Non-Hispanic Black,9.00,"per 1,000 population",
2023 Q3,Birth Rates,Teen Birth Rates,15-17 years,Non-Hispanic White,3.00,"per 1,000 population",
2023 Q3,Birth Rates,Teen Birth Rates,18-19 years,All races and origins,25.20,"per 1,000 population",
2023 Q3,Birth Rates,Teen Birth Rates,18-19 years,Hispanic,40.00,"per 1,000 population",
2023 Q3,Birth Rates,Teen Birth Rates,18-19 years,Non-Hispanic Black,36.50,"per 1,000 population",
2023 Q3,Birth Rates,Teen Birth Rates,18-19 years,Non-Hispanic White,17.20,"per 1,000 population",
2023 Q3,Birth Rates,Teen Birth Rates,15-19 years,All races and origins,13.40,"per 1,000 population",
2023 Q3,Birth Rates,Teen Birth Rates,15-19 years,Hispanic,21.30,"per 1,000 population",
2023 Q3,Birth Rates,Teen Birth Rates,15-19 years,Non-Hispanic Black,19.70,"per 1,000 population",
2023 Q3,Birth Rates,Teen Birth Rates,15-19 years,Non-Hispanic White,8.70,"per 1,000 population",
2023 Q3,Birthweight,Low Birthweight Rates,"Low birthweight (Less than 2,500g)",All races and origins,8.60,per 100 births,
2023 Q3,Birthweight,Low Birthweight Rates,"Low birthweight (Less than 2,500g)",Hispanic,7.95,per 100 births,
2023 Q3,Birthweight,Low Birthweight Rates,"Low birthweight (Less than 2,500g)",Non-Hispanic Black,14.83,per 100 births,
2023 Q3,Birthweight,Low Birthweight Rates,"Low birthweight (Less than 2,500g)",Non-Hispanic White,7.05,per 100 births,
2023 Q3,Gestational Age,Preterm Birth Rates,Early preterm (<34 weeks),All races and origins,2.76,per 100 births,
2023 Q3,Gestational Age,Preterm Birth Rates,Early preterm (<34 weeks),Hispanic,2.62,per 100 births,
2023 Q3,Gestational Age,Preterm Birth Rates,Early preterm (<34 weeks),Non-Hispanic Black,4.88,per 100 births,
2023 Q3,Gestational Age,Preterm Birth Rates,Early preterm (<34 weeks),Non-Hispanic White,2.26,per 100 births,
2023 Q3,Gestational Age,Preterm Birth Rates,Late preterm (34-36 weeks),All races and origins,7.66,per 100 births,
2023 Q3,Gestational Age,Preterm Birth Rates,Late preterm (34-36 weeks),Hispanic,7.53,per 100 births,
2023 Q3,Gestational Age,Preterm Birth Rates,Late preterm (34-36 weeks),Non-Hispanic Black,9.79,per 100 births,
2023 Q3,Gestational Age,Preterm Birth Rates,Late preterm (34-36 weeks),Non-Hispanic White,7.18,per 100 births,
2023 Q3,Gestational Age,Preterm Birth Rates,Total preterm (<37 weeks),All races and origins,10.42,per 100 births,
2023 Q3,Gestational Age,Preterm Birth Rates,Total preterm (<37 weeks),Hispanic,10.15,per 100 births,
2023 Q3,Gestational Age,Preterm Birth Rates,Total preterm (<37 weeks),Non-Hispanic Black,14.67,per 100 births,
2023 Q3,Gestational Age,Preterm Birth Rates,Total preterm (<37 weeks),Non-Hispanic White,9.45,per 100 births,
2023 Q3,Gestational Age,Term Birth Rates,Early term (37-38 weeks),All races and origins,29.74,per 100 births,
2023 Q3,Gestational Age,Term Birth Rates,Early term (37-38 weeks),Hispanic,30.34,per 100 births,
2023 Q3,Gestational Age,Term Birth Rates,Early term (37-38 weeks),Non-Hispanic Black,33.30,per 100 births,
2023 Q3,Gestational Age,Term Birth Rates,Early term (37-38 weeks),Non-Hispanic White,28.20,per 100 births,
2023 Q3,Gestational Age,Term Birth Rates,Full term (39-40 weeks),All races and origins,54.98,per 100 births,
2023 Q3,Gestational Age,Term Birth Rates,Full term (39-40 weeks),Hispanic,55.08,per 100 births,
2023 Q3,Gestational Age,Term Birth Rates,Full term (39-40 weeks),Non-Hispanic Black,48.34,per 100 births,
2023 Q3,Gestational Age,Term Birth Rates,Full term (39-40 weeks),Non-Hispanic White,56.79,per 100 births,
2023 Q3,Gestational Age,Term Birth Rates,Late term (41 weeks),All races and origins,4.87,per 100 births,
2023 Q3,Gestational Age,Term Birth Rates,Late term (41 weeks),Hispanic,4.44,per 100 births,
2023 Q3,Gestational Age,Term Birth Rates,Late term (41 weeks),Non-Hispanic Black,3.70,per 100 births,
2023 Q3,Gestational Age,Term Birth Rates,Late term (41 weeks),Non-Hispanic White,5.57,per 100 births,
2023 Q3,Method of Delivery,Cesarean Delivery Rates,Cesarean,All races and origins,32.30,per 100 births,
2023 Q3,Method of Delivery,Cesarean Delivery Rates,Cesarean,Hispanic,31.90,per 100 births,
2023 Q3,Method of Delivery,Cesarean Delivery Rates,Cesarean,Non-Hispanic Black,36.90,per 100 births,
2023 Q3,Method of Delivery,Cesarean Delivery Rates,Cesarean,Non-Hispanic White,31.20,per 100 births,
2023 Q3,Method of Delivery,Cesarean Delivery Rates,Low-risk Cesarean,All races and origins,26.60,per 100 births,
2023 Q3,Method of Delivery,Cesarean Delivery Rates,Low-risk Cesarean,Hispanic,25.90,per 100 births,
2023 Q3,Method of Delivery,Cesarean Delivery Rates,Low-risk Cesarean,Non-Hispanic Black,30.80,per 100 births,
2023 Q3,Method of Delivery,Cesarean Delivery Rates,Low-risk Cesarean,Non-Hispanic White,25.50,per 100 births,
2023 Q3,Method of Delivery,Vaginal Birth After Cesarean Delivery Rates,Vaginal Birth After Cesarean Delivery,All races and origins,15.00,per 100 births,
2023 Q3,Method of Delivery,Vaginal Birth After Cesarean Delivery Rates,Vaginal Birth After Cesarean Delivery,Hispanic,14.60,per 100 births,
2023 Q3,Method of Delivery,Vaginal Birth After Cesarean Delivery Rates,Vaginal Birth After Cesarean Delivery,Non-Hispanic Black,14.90,per 100 births,
2023 Q3,Method of Delivery,Vaginal Birth After Cesarean Delivery Rates,Vaginal Birth After Cesarean Delivery,Non-Hispanic White,15.10,per 100 births,
2023 Q3,NICU Admission,NICU Admission Rates,NICU Admission,All races and origins,9.70,per 100 births,
2023 Q3,NICU Admission,NICU Admission Rates,NICU Admission,Hispanic,8.80,per 100 births,
2023 Q3,NICU Admission,NICU Admission Rates,NICU Admission,Non-Hispanic Black,13.20,per 100 births,
2023 Q3,NICU Admission,NICU Admission Rates,NICU Admission,Non-Hispanic White,9.30,per 100 births,
2023 Q3,Source of Payment for the Delivery,Medicaid,Medicaid,All races and origins,41.60,per 100 births,
2023 Q3,Source of Payment for the Delivery,Medicaid,Medicaid,Hispanic,59.00,per 100 births,
2023 Q3,Source of Payment for the Delivery,Medicaid,Medicaid,Non-Hispanic Black,64.60,per 100 births,
2023 Q3,Source of Payment for the Delivery,Medicaid,Medicaid,Non-Hispanic White,27.70,per 100 births,
2023 Q2,Birth Rates,Age-specific Birth Rates,10-14 years,All races and origins,0.20,"per 1,000 population",
2023 Q2,Birth Rates,Age-specific Birth Rates,10-14 years,Hispanic,0.30,"per 1,000 population",
2023 Q2,Birth Rates,Age-specific Birth Rates,10-14 years,Non-Hispanic Black,0.40,"per 1,000 population",
2023 Q2,Birth Rates,Age-specific Birth Rates,10-14 years,Non-Hispanic White,0.10,"per 1,000 population",
2023 Q2,Birth Rates,Age-specific Birth Rates,15-19 years,All races and origins,13.60,"per 1,000 population",
2023 Q2,Birth Rates,Age-specific Birth Rates,15-19 years,Hispanic,21.40,"per 1,000 population",
2023 Q2,Birth Rates,Age-specific Birth Rates,15-19 years,Non-Hispanic Black,20.20,"per 1,000 population",
2023 Q2,Birth Rates,Age-specific Birth Rates,15-19 years,Non-Hispanic White,8.90,"per 1,000 population",
2023 Q2,Birth Rates,Age-specific Birth Rates,20-24 years,All races and origins,56.90,"per 1,000 population",
2023 Q2,Birth Rates,Age-specific Birth Rates,20-24 years,Hispanic,78.90,"per 1,000 population",
2023 Q2,Birth Rates,Age-specific Birth Rates,20-24 years,Non-Hispanic Black,69.60,"per 1,000 population",
2023 Q2,Birth Rates,Age-specific Birth Rates,20-24 years,Non-Hispanic White,47.70,"per 1,000 population",
2023 Q2,Birth Rates,Age-specific Birth Rates,25-29 years,All races and origins,93.00,"per 1,000 population",
2023 Q2,Birth Rates,Age-specific Birth Rates,25-29 years,Hispanic,113.60,"per 1,000 population",
2023 Q2,Birth Rates,Age-specific Birth Rates,25-29 years,Non-Hispanic Black,89.10,"per 1,000 population",
2023 Q2,Birth Rates,Age-specific Birth Rates,25-29 years,Non-Hispanic White,90.90,"per 1,000 population",
2023 Q2,Birth Rates,Age-specific Birth Rates,30-34 years,All races and origins,96.40,"per 1,000 population",
2023 Q2,Birth Rates,Age-specific Birth Rates,30-34 years,Hispanic,102.30,"per 1,000 population",
2023 Q2,Birth Rates,Age-specific Birth Rates,30-34 years,Non-Hispanic Black,78.70,"per 1,000 population",
2023 Q2,Birth Rates,Age-specific Birth Rates,30-34 years,Non-Hispanic White,99.30,"per 1,000 population",
2023 Q2,Birth Rates,Age-specific Birth Rates,35-39 years,All races and origins,55.10,"per 1,000 population",
2023 Q2,Birth Rates,Age-specific Birth Rates,35-39 years,Hispanic,59.70,"per 1,000 population",
2023 Q2,Birth Rates,Age-specific Birth Rates,35-39 years,Non-Hispanic Black,50.60,"per 1,000 population",
2023 Q2,Birth Rates,Age-specific Birth Rates,35-39 years,Non-Hispanic White,52.70,"per 1,000 population",
2023 Q2,Birth Rates,Age-specific Birth Rates,40-44 years,All races and origins,12.70,"per 1,000 population",
2023 Q2,Birth Rates,Age-specific Birth Rates,40-44 years,Hispanic,15.80,"per 1,000 population",
2023 Q2,Birth Rates,Age-specific Birth Rates,40-44 years,Non-Hispanic Black,14.00,"per 1,000 population",
2023 Q2,Birth Rates,Age-specific Birth Rates,40-44 years,Non-Hispanic White,10.60,"per 1,000 population",
2023 Q2,Birth Rates,Age-specific Birth Rates,45+ years,All races and origins,1.10,"per 1,000 population",
2023 Q2,Birth Rates,Age-specific Birth Rates,45+ years,Hispanic,1.20,"per 1,000 population",
2023 Q2,Birth Rates,Age-specific Birth Rates,45+ years,Non-Hispanic Black,1.40,"per 1,000 population",
2023 Q2,Birth Rates,Age-specific Birth Rates,45+ years,Non-Hispanic White,0.90,"per 1,000 population",
2023 Q2,Birth Rates,General Fertility Rates,15-44 years,All races and origins,55.50,"per 1,000 population",
2023 Q2,Birth Rates,General Fertility Rates,15-44 years,Hispanic,65.60,"per 1,000 population",
2023 Q2,Birth Rates,General Fertility Rates,15-44 years,Non-Hispanic Black,55.30,"per 1,000 population",
2023 Q2,Birth Rates,General Fertility Rates,15-44 years,Non-Hispanic White,52.60,"per 1,000 population",
2023 Q2,Birth Rates,Teen Birth Rates,10-14 years,All races and origins,0.20,"per 1,000 population",
2023 Q2,Birth Rates,Teen Birth Rates,10-14 years,Hispanic,0.30,"per 1,000 population",
2023 Q2,Birth Rates,Teen Birth Rates,10-14 years,Non-Hispanic Black,0.40,"per 1,000 population",
2023 Q2,Birth Rates,Teen Birth Rates,10-14 years,Non-Hispanic White,0.10,"per 1,000 population",
2023 Q2,Birth Rates,Teen Birth Rates,15-17 years,All races and origins,5.60,"per 1,000 population",
2023 Q2,Birth Rates,Teen Birth Rates,15-17 years,Hispanic,9.50,"per 1,000 population",
2023 Q2,Birth Rates,Teen Birth Rates,15-17 years,Non-Hispanic Black,9.20,"per 1,000 population",
2023 Q2,Birth Rates,Teen Birth Rates,15-17 years,Non-Hispanic White,3.10,"per 1,000 population",
2023 Q2,Birth Rates,Teen Birth Rates,18-19 years,All races and origins,25.60,"per 1,000 population",
2023 Q2,Birth Rates,Teen Birth Rates,18-19 years,Hispanic,40.20,"per 1,000 population",
2023 Q2,Birth Rates,Teen Birth Rates,18-19 years,Non-Hispanic Black,37.30,"per 1,000 population",
2023 Q2,Birth Rates,Teen Birth Rates,18-19 years,Non-Hispanic White,17.60,"per 1,000 population",
2023 Q2,Birth Rates,Teen Birth Rates,15-19 years,All races and origins,13.60,"per 1,000 population",
2023 Q2,Birth Rates,Teen Birth Rates,15-19 years,Hispanic,21.40,"per 1,000 population",
2023 Q2,Birth Rates,Teen Birth Rates,15-19 years,Non-Hispanic Black,20.20,"per 1,000 population",
2023 Q2,Birth Rates,Teen Birth Rates,15-19 years,Non-Hispanic White,8.90,"per 1,000 population",
2023 Q2,Birthweight,Low Birthweight Rates,"Low birthweight (Less than 2,500g)",All races and origins,8.57,per 100 births,
2023 Q2,Birthweight,Low Birthweight Rates,"Low birthweight (Less than 2,500g)",Hispanic,7.87,per 100 births,
2023 Q2,Birthweight,Low Birthweight Rates,"Low birthweight (Less than 2,500g)",Non-Hispanic Black,14.73,per 100 births,
2023 Q2,Birthweight,Low Birthweight Rates,"Low birthweight (Less than 2,500g)",Non-Hispanic White,7.07,per 100 births,
2023 Q2,Gestational Age,Preterm Birth Rates,Early preterm (<34 weeks),All races and origins,2.75,per 100 births,
2023 Q2,Gestational Age,Preterm Birth Rates,Early preterm (<34 weeks),Hispanic,2.60,per 100 births,
2023 Q2,Gestational Age,Preterm Birth Rates,Early preterm (<34 weeks),Non-Hispanic Black,4.87,per 100 births,
2023 Q2,Gestational Age,Preterm Birth Rates,Early preterm (<34 weeks),Non-Hispanic White,2.26,per 100 births,
2023 Q2,Gestational Age,Preterm Birth Rates,Late preterm (34-36 weeks),All races and origins,7.62,per 100 births,
2023 Q2,Gestational Age,Preterm Birth Rates,Late preterm (34-36 weeks),Hispanic,7.47,per 100 births,
2023 Q2,Gestational Age,Preterm Birth Rates,Late preterm (34-36 weeks),Non-Hispanic Black,9.71,per 100 births,
2023 Q2,Gestational Age,Preterm Birth Rates,Late preterm (34-36 weeks),Non-Hispanic White,7.16,per 100 births,
2023 Q2,Gestational Age,Preterm Birth Rates,Total preterm (<37 weeks),All races and origins,10.37,per 100 births,
2023 Q2,Gestational Age,Preterm Birth Rates,Total preterm (<37 weeks),Hispanic,10.06,per 100 births,
2023 Q2,Gestational Age,Preterm Birth Rates,Total preterm (<37 weeks),Non-Hispanic Black,14.58,per 100 births,
2023 Q2,Gestational Age,Preterm Birth Rates,Total preterm (<37 weeks),Non-Hispanic White,9.43,per 100 births,
2023 Q2,Gestational Age,Term Birth Rates,Early term (37-38 weeks),All races and origins,29.57,per 100 births,
2023 Q2,Gestational Age,Term Birth Rates,Early term (37-38 weeks),Hispanic,30.17,per 100 births,
2023 Q2,Gestational Age,Term Birth Rates,Early term (37-38 weeks),Non-Hispanic Black,33.00,per 100 births,
2023 Q2,Gestational Age,Term Birth Rates,Early term (37-38 weeks),Non-Hispanic White,28.03,per 100 births,
2023 Q2,Gestational Age,Term Birth Rates,Full term (39-40 weeks),All races and origins,55.12,per 100 births,
2023 Q2,Gestational Age,Term Birth Rates,Full term (39-40 weeks),Hispanic,55.21,per 100 births,
2023 Q2,Gestational Age,Term Birth Rates,Full term (39-40 weeks),Non-Hispanic Black,48.63,per 100 births,
2023 Q2,Gestational Age,Term Birth Rates,Full term (39-40 weeks),Non-Hispanic White,56.93,per 100 births,
2023 Q2,Gestational Age,Term Birth Rates,Late term (41 weeks),All races and origins,4.95,per 100 births,
2023 Q2,Gestational Age,Term Birth Rates,Late term (41 weeks),Hispanic,4.56,per 100 births,
2023 Q2,Gestational Age,Term Birth Rates,Late term (41 weeks),Non-Hispanic Black,3.79,per 100 births,
2023 Q2,Gestational Age,Term Birth Rates,Late term (41 weeks),Non-Hispanic White,5.61,per 100 births,
2023 Q2,Method of Delivery,Cesarean Delivery Rates,Cesarean,All races and origins,32.20,per 100 births,
2023 Q2,Method of Delivery,Cesarean Delivery Rates,Cesarean,Hispanic,31.80,per 100 births,
2023 Q2,Method of Delivery,Cesarean Delivery Rates,Cesarean,Non-Hispanic Black,36.80,per 100 births,
2023 Q2,Method of Delivery,Cesarean Delivery Rates,Cesarean,Non-Hispanic White,31.10,per 100 births,
2023 Q2,Method of Delivery,Cesarean Delivery Rates,Low-risk Cesarean,All races and origins,26.50,per 100 births,
2023 Q2,Method of Delivery,Cesarean Delivery Rates,Low-risk Cesarean,Hispanic,25.80,per 100 births,
2023 Q2,Method of Delivery,Cesarean Delivery Rates,Low-risk Cesarean,Non-Hispanic Black,30.70,per 100 births,
2023 Q2,Method of Delivery,Cesarean Delivery Rates,Low-risk Cesarean,Non-Hispanic White,25.50,per 100 births,
2023 Q2,Method of Delivery,Vaginal Birth After Cesarean Delivery Rates,Vaginal Birth After Cesarean Delivery,All races and origins,14.90,per 100 births,
2023 Q2,Method of Delivery,Vaginal Birth After Cesarean Delivery Rates,Vaginal Birth After Cesarean Delivery,Hispanic,14.50,per 100 births,
2023 Q2,Method of Delivery,Vaginal Birth After Cesarean Delivery Rates,Vaginal Birth After Cesarean Delivery,Non-Hispanic Black,14.70,per 100 births,
2023 Q2,Method of Delivery,Vaginal Birth After Cesarean Delivery Rates,Vaginal Birth After Cesarean Delivery,Non-Hispanic White,15.00,per 100 births,
2023 Q2,NICU Admission,NICU Admission Rates,NICU Admission,All races and origins,9.60,per 100 births,
2023 Q2,NICU Admission,NICU Admission Rates,NICU Admission,Hispanic,8.70,per 100 births,
2023 Q2,NICU Admission,NICU Admission Rates,NICU Admission,Non-Hispanic Black,13.00,per 100 births,
2023 Q2,NICU Admission,NICU Admission Rates,NICU Admission,Non-Hispanic White,9.20,per 100 births,
2023 Q2,Source of Payment for the Delivery,Medicaid,Medicaid,All races and origins,41.70,per 100 births,
2023 Q2,Source of Payment for the Delivery,Medicaid,Medicaid,Hispanic,59.00,per 100 births,
2023 Q2,Source of Payment for the Delivery,Medicaid,Medicaid,Non-Hispanic Black,64.60,per 100 births,
2023 Q2,Source of Payment for the Delivery,Medicaid,Medicaid,Non-Hispanic White,27.90,per 100 births,
2023 Q1,Birth Rates,Age-specific Birth Rates,10-14 years,All races and origins,0.20,"per 1,000 population",
2023 Q1,Birth Rates,Age-specific Birth Rates,10-14 years,Hispanic,0.30,"per 1,000 population",
2023 Q1,Birth Rates,Age-specific Birth Rates,10-14 years,Non-Hispanic Black,0.40,"per 1,000 population",
2023 Q1,Birth Rates,Age-specific Birth Rates,10-14 years,Non-Hispanic White,0.10,"per 1,000 population",
2023 Q1,Birth Rates,Age-specific Birth Rates,15-19 years,All races and origins,13.50,"per 1,000 population",
2023 Q1,Birth Rates,Age-specific Birth Rates,15-19 years,Hispanic,21.20,"per 1,000 population",
2023 Q1,Birth Rates,Age-specific Birth Rates,15-19 years,Non-Hispanic Black,20.20,"per 1,000 population",
2023 Q1,Birth Rates,Age-specific Birth Rates,15-19 years,Non-Hispanic White,9.00,"per 1,000 population",
2023 Q1,Birth Rates,Age-specific Birth Rates,20-24 years,All races and origins,60.20,"per 1,000 population",
2023 Q1,Birth Rates,Age-specific Birth Rates,20-24 years,Hispanic,83.60,"per 1,000 population",
2023 Q1,Birth Rates,Age-specific Birth Rates,20-24 years,Non-Hispanic Black,74.10,"per 1,000 population",
2023 Q1,Birth Rates,Age-specific Birth Rates,20-24 years,Non-Hispanic White,50.30,"per 1,000 population",
2023 Q1,Birth Rates,Age-specific Birth Rates,25-29 years,All races and origins,93.60,"per 1,000 population",
2023 Q1,Birth Rates,Age-specific Birth Rates,25-29 years,Hispanic,114.30,"per 1,000 population",
2023 Q1,Birth Rates,Age-specific Birth Rates,25-29 years,Non-Hispanic Black,90.30,"per 1,000 population",
2023 Q1,Birth Rates,Age-specific Birth Rates,25-29 years,Non-Hispanic White,90.80,"per 1,000 population",
2023 Q1,Birth Rates,Age-specific Birth Rates,30-34 years,All races and origins,96.60,"per 1,000 population",
2023 Q1,Birth Rates,Age-specific Birth Rates,30-34 years,Hispanic,102.80,"per 1,000 population",
2023 Q1,Birth Rates,Age-specific Birth Rates,30-34 years,Non-Hispanic Black,79.20,"per 1,000 population",
2023 Q1,Birth Rates,Age-specific Birth Rates,30-34 years,Non-Hispanic White,98.80,"per 1,000 population",
2023 Q1,Birth Rates,Age-specific Birth Rates,35-39 years,All races and origins,54.90,"per 1,000 population",
2023 Q1,Birth Rates,Age-specific Birth Rates,35-39 years,Hispanic,59.50,"per 1,000 population",
2023 Q1,Birth Rates,Age-specific Birth Rates,35-39 years,Non-Hispanic Black,50.40,"per 1,000 population",
2023 Q1,Birth Rates,Age-specific Birth Rates,35-39 years,Non-Hispanic White,52.20,"per 1,000 population",
2023 Q1,Birth Rates,Age-specific Birth Rates,40-44 years,All races and origins,12.50,"per 1,000 population",
2023 Q1,Birth Rates,Age-specific Birth Rates,40-44 years,Hispanic,15.50,"per 1,000 population",
2023 Q1,Birth Rates,Age-specific Birth Rates,40-44 years,Non-Hispanic Black,13.80,"per 1,000 population",
2023 Q1,Birth Rates,Age-specific Birth Rates,40-44 years,Non-Hispanic White,10.60,"per 1,000 population",
2023 Q1,Birth Rates,Age-specific Birth Rates,45+ years,All races and origins,1.10,"per 1,000 population",
2023 Q1,Birth Rates,Age-specific Birth Rates,45+ years,Hispanic,1.20,"per 1,000 population",
2023 Q1,Birth Rates,Age-specific Birth Rates,45+ years,Non-Hispanic Black,1.40,"per 1,000 population",
2023 Q1,Birth Rates,Age-specific Birth Rates,45+ years,Non-Hispanic White,0.90,"per 1,000 population",
2023 Q1,Birth Rates,General Fertility Rates,15-44 years,All races and origins,56.00,"per 1,000 population",
2023 Q1,Birth Rates,General Fertility Rates,15-44 years,Hispanic,66.20,"per 1,000 population",
2023 Q1,Birth Rates,General Fertility Rates,15-44 years,Non-Hispanic Black,56.10,"per 1,000 population",
2023 Q1,Birth Rates,General Fertility Rates,15-44 years,Non-Hispanic White,52.80,"per 1,000 population",
2023 Q1,Birth Rates,Teen Birth Rates,10-14 years,All races and origins,0.20,"per 1,000 population",
2023 Q1,Birth Rates,Teen Birth Rates,10-14 years,Hispanic,0.30,"per 1,000 population",
2023 Q1,Birth Rates,Teen Birth Rates,10-14 years,Non-Hispanic Black,0.40,"per 1,000 population",
2023 Q1,Birth Rates,Teen Birth Rates,10-14 years,Non-Hispanic White,0.10,"per 1,000 population",
2023 Q1,Birth Rates,Teen Birth Rates,15-17 years,All races and origins,5.60,"per 1,000 population",
2023 Q1,Birth Rates,Teen Birth Rates,15-17 years,Hispanic,9.30,"per 1,000 population",
2023 Q1,Birth Rates,Teen Birth Rates,15-17 years,Non-Hispanic Black,9.00,"per 1,000 population",
2023 Q1,Birth Rates,Teen Birth Rates,15-17 years,Non-Hispanic White,3.10,"per 1,000 population",
2023 Q1,Birth Rates,Teen Birth Rates,18-19 years,All races and origins,25.60,"per 1,000 population",
2023 Q1,Birth Rates,Teen Birth Rates,18-19 years,Hispanic,40.10,"per 1,000 population",
2023 Q1,Birth Rates,Teen Birth Rates,18-19 years,Non-Hispanic Black,37.50,"per 1,000 population",
2023 Q1,Birth Rates,Teen Birth Rates,18-19 years,Non-Hispanic White,17.60,"per 1,000 population",
2023 Q1,Birth Rates,Teen Birth Rates,15-19 years,All races and origins,13.50,"per 1,000 population",
2023 Q1,Birth Rates,Teen Birth Rates,15-19 years,Hispanic,21.20,"per 1,000 population",
2023 Q1,Birth Rates,Teen Birth Rates,15-19 years,Non-Hispanic Black,20.20,"per 1,000 population",
2023 Q1,Birth Rates,Teen Birth Rates,15-19 years,Non-Hispanic White,9.00,"per 1,000 population",
2023 Q1,Birthweight,Low Birthweight Rates,"Low birthweight (Less than 2,500g)",All races and origins,8.59,per 100 births,
2023 Q1,Birthweight,Low Birthweight Rates,"Low birthweight (Less than 2,500g)",Hispanic,7.89,per 100 births,
2023 Q1,Birthweight,Low Birthweight Rates,"Low birthweight (Less than 2,500g)",Non-Hispanic Black,14.75,per 100 births,
2023 Q1,Birthweight,Low Birthweight Rates,"Low birthweight (Less than 2,500g)",Non-Hispanic White,7.09,per 100 births,
2023 Q1,Gestational Age,Preterm Birth Rates,Early preterm (<34 weeks),All races and origins,2.75,per 100 births,
2023 Q1,Gestational Age,Preterm Birth Rates,Early preterm (<34 weeks),Hispanic,2.60,per 100 births,
2023 Q1,Gestational Age,Preterm Birth Rates,Early preterm (<34 weeks),Non-Hispanic Black,4.88,per 100 births,
2023 Q1,Gestational Age,Preterm Birth Rates,Early preterm (<34 weeks),Non-Hispanic White,2.26,per 100 births,
2023 Q1,Gestational Age,Preterm Birth Rates,Late preterm (34-36 weeks),All races and origins,7.61,per 100 births,
2023 Q1,Gestational Age,Preterm Birth Rates,Late preterm (34-36 weeks),Hispanic,7.45,per 100 births,
2023 Q1,Gestational Age,Preterm Birth Rates,Late preterm (34-36 weeks),Non-Hispanic Black,9.67,per 100 births,
2023 Q1,Gestational Age,Preterm Birth Rates,Late preterm (34-36 weeks),Non-Hispanic White,7.15,per 100 births,
2023 Q1,Gestational Age,Preterm Birth Rates,Total preterm (<37 weeks),All races and origins,10.36,per 100 births,
2023 Q1,Gestational Age,Preterm Birth Rates,Total preterm (<37 weeks),Hispanic,10.06,per 100 births,
2023 Q1,Gestational Age,Preterm Birth Rates,Total preterm (<37 weeks),Non-Hispanic Black,14.55,per 100 births,
2023 Q1,Gestational Age,Preterm Birth Rates,Total preterm (<37 weeks),Non-Hispanic White,9.42,per 100 births,
2023 Q1,Gestational Age,Term Birth Rates,Early term (37-38 weeks),All races and origins,29.42,per 100 births,
2023 Q1,Gestational Age,Term Birth Rates,Early term (37-38 weeks),Hispanic,30.13,per 100 births,
2023 Q1,Gestational Age,Term Birth Rates,Early term (37-38 weeks),Non-Hispanic Black,32.87,per 100 births,
2023 Q1,Gestational Age,Term Birth Rates,Early term (37-38 weeks),Non-Hispanic White,27.82,per 100 births,
2023 Q1,Gestational Age,Term Birth Rates,Full term (39-40 weeks),All races and origins,55.25,per 100 births,
2023 Q1,Gestational Age,Term Birth Rates,Full term (39-40 weeks),Hispanic,55.25,per 100 births,
2023 Q1,Gestational Age,Term Birth Rates,Full term (39-40 weeks),Non-Hispanic Black,48.74,per 100 births,
2023 Q1,Gestational Age,Term Birth Rates,Full term (39-40 weeks),Non-Hispanic White,57.13,per 100 births,
2023 Q1,Gestational Age,Term Birth Rates,Late term (41 weeks),All races and origins,4.97,per 100 births,
2023 Q1,Gestational Age,Term Birth Rates,Late term (41 weeks),Hispanic,4.56,per 100 births,
2023 Q1,Gestational Age,Term Birth Rates,Late term (41 weeks),Non-Hispanic Black,3.84,per 100 births,
2023 Q1,Gestational Age,Term Birth Rates,Late term (41 weeks),Non-Hispanic White,5.63,per 100 births,
2023 Q1,Method of Delivery,Cesarean Delivery Rates,Cesarean,All races and origins,32.20,per 100 births,
2023 Q1,Method of Delivery,Cesarean Delivery Rates,Cesarean,Hispanic,31.80,per 100 births,
2023 Q1,Method of Delivery,Cesarean Delivery Rates,Cesarean,Non-Hispanic Black,36.80,per 100 births,
2023 Q1,Method of Delivery,Cesarean Delivery Rates,Cesarean,Non-Hispanic White,31.10,per 100 births,
2023 Q1,Method of Delivery,Cesarean Delivery Rates,Low-risk Cesarean,All races and origins,26.40,per 100 births,
2023 Q1,Method of Delivery,Cesarean Delivery Rates,Low-risk Cesarean,Hispanic,25.70,per 100 births,
2023 Q1,Method of Delivery,Cesarean Delivery Rates,Low-risk Cesarean,Non-Hispanic Black,30.80,per 100 births,
2023 Q1,Method of Delivery,Cesarean Delivery Rates,Low-risk Cesarean,Non-Hispanic White,25.40,per 100 births,
2023 Q1,Method of Delivery,Vaginal Birth After Cesarean Delivery Rates,Vaginal Birth After Cesarean Delivery,All races and origins,14.80,per 100 births,
2023 Q1,Method of Delivery,Vaginal Birth After Cesarean Delivery Rates,Vaginal Birth After Cesarean Delivery,Hispanic,14.40,per 100 births,
2023 Q1,Method of Delivery,Vaginal Birth After Cesarean Delivery Rates,Vaginal Birth After Cesarean Delivery,Non-Hispanic Black,14.70,per 100 births,
2023 Q1,Method of Delivery,Vaginal Birth After Cesarean Delivery Rates,Vaginal Birth After Cesarean Delivery,Non-Hispanic White,14.80,per 100 births,
2023 Q1,NICU Admission,NICU Admission Rates,NICU Admission,All races and origins,9.50,per 100 births,
2023 Q1,NICU Admission,NICU Admission Rates,NICU Admission,Hispanic,8.60,per 100 births,
2023 Q1,NICU Admission,NICU Admission Rates,NICU Admission,Non-Hispanic Black,13.00,per 100 births,
2023 Q1,NICU Admission,NICU Admission Rates,NICU Admission,Non-Hispanic White,9.10,per 100 births,
2023 Q1,Source of Payment for the Delivery,Medicaid,Medicaid,All races and origins,41.50,per 100 births,
2023 Q1,Source of Payment for the Delivery,Medicaid,Medicaid,Hispanic,58.90,per 100 births,
2023 Q1,Source of Payment for the Delivery,Medicaid,Medicaid,Non-Hispanic Black,64.40,per 100 births,
2023 Q1,Source of Payment for the Delivery,Medicaid,Medicaid,Non-Hispanic White,27.90,per 100 births,
2022 Q4,Birth Rates,Age-specific Birth Rates,10-14 years,All races and origins,0.20,"per 1,000 population",
2022 Q4,Birth Rates,Age-specific Birth Rates,10-14 years,Hispanic,0.30,"per 1,000 population",
2022 Q4,Birth Rates,Age-specific Birth Rates,10-14 years,Non-Hispanic Black,0.30,"per 1,000 population",
2022 Q4,Birth Rates,Age-specific Birth Rates,10-14 years,Non-Hispanic White,0.10,"per 1,000 population",
2022 Q4,Birth Rates,Age-specific Birth Rates,15-19 years,All races and origins,13.60,"per 1,000 population",
2022 Q4,Birth Rates,Age-specific Birth Rates,15-19 years,Hispanic,21.30,"per 1,000 population",
2022 Q4,Birth Rates,Age-specific Birth Rates,15-19 years,Non-Hispanic Black,20.30,"per 1,000 population",
2022 Q4,Birth Rates,Age-specific Birth Rates,15-19 years,Non-Hispanic White,9.10,"per 1,000 population",
2022 Q4,Birth Rates,Age-specific Birth Rates,20-24 years,All races and origins,57.50,"per 1,000 population",
2022 Q4,Birth Rates,Age-specific Birth Rates,20-24 years,Hispanic,79.20,"per 1,000 population",
2022 Q4,Birth Rates,Age-specific Birth Rates,20-24 years,Non-Hispanic Black,71.10,"per 1,000 population",
2022 Q4,Birth Rates,Age-specific Birth Rates,20-24 years,Non-Hispanic White,48.30,"per 1,000 population",
2022 Q4,Birth Rates,Age-specific Birth Rates,25-29 years,All races and origins,93.50,"per 1,000 population",
2022 Q4,Birth Rates,Age-specific Birth Rates,25-29 years,Hispanic,113.80,"per 1,000 population",
2022 Q4,Birth Rates,Age-specific Birth Rates,25-29 years,Non-Hispanic Black,90.70,"per 1,000 population",
2022 Q4,Birth Rates,Age-specific Birth Rates,25-29 years,Non-Hispanic White,91.10,"per 1,000 population",
2022 Q4,Birth Rates,Age-specific Birth Rates,30-34 years,All races and origins,97.50,"per 1,000 population",
2022 Q4,Birth Rates,Age-specific Birth Rates,30-34 years,Hispanic,103.10,"per 1,000 population",
2022 Q4,Birth Rates,Age-specific Birth Rates,30-34 years,Non-Hispanic Black,79.80,"per 1,000 population",
2022 Q4,Birth Rates,Age-specific Birth Rates,30-34 years,Non-Hispanic White,100.40,"per 1,000 population",
2022 Q4,Birth Rates,Age-specific Birth Rates,35-39 years,All races and origins,55.30,"per 1,000 population",
2022 Q4,Birth Rates,Age-specific Birth Rates,35-39 years,Hispanic,59.50,"per 1,000 population",
2022 Q4,Birth Rates,Age-specific Birth Rates,35-39 years,Non-Hispanic Black,50.40,"per 1,000 population",
2022 Q4,Birth Rates,Age-specific Birth Rates,35-39 years,Non-Hispanic White,53.00,"per 1,000 population",
2022 Q4,Birth Rates,Age-specific Birth Rates,40-44 years,All races and origins,12.60,"per 1,000 population",
2022 Q4,Birth Rates,Age-specific Birth Rates,40-44 years,Hispanic,15.50,"per 1,000 population",
2022 Q4,Birth Rates,Age-specific Birth Rates,40-44 years,Non-Hispanic Black,13.80,"per 1,000 population",
2022 Q4,Birth Rates,Age-specific Birth Rates,40-44 years,Non-Hispanic White,10.70,"per 1,000 population",
2022 Q4,Birth Rates,Age-specific Birth Rates,45+ years,All races and origins,1.10,"per 1,000 population",
2022 Q4,Birth Rates,Age-specific Birth Rates,45+ years,Hispanic,1.20,"per 1,000 population",
2022 Q4,Birth Rates,Age-specific Birth Rates,45+ years,Non-Hispanic Black,1.40,"per 1,000 population",
2022 Q4,Birth Rates,Age-specific Birth Rates,45+ years,Non-Hispanic White,0.90,"per 1,000 population",
2022 Q4,Birth Rates,General Fertility Rates,15-44 years,All races and origins,56.00,"per 1,000 population",
2022 Q4,Birth Rates,General Fertility Rates,15-44 years,Hispanic,65.70,"per 1,000 population",
2022 Q4,Birth Rates,General Fertility Rates,15-44 years,Non-Hispanic Black,56.10,"per 1,000 population",
2022 Q4,Birth Rates,General Fertility Rates,15-44 years,Non-Hispanic White,53.10,"per 1,000 population",
2022 Q4,Birth Rates,Teen Birth Rates,10-14 years,All races and origins,0.20,"per 1,000 population",
2022 Q4,Birth Rates,Teen Birth Rates,10-14 years,Hispanic,0.30,"per 1,000 population",
2022 Q4,Birth Rates,Teen Birth Rates,10-14 years,Non-Hispanic Black,0.30,"per 1,000 population",
2022 Q4,Birth Rates,Teen Birth Rates,10-14 years,Non-Hispanic White,0.10,"per 1,000 population",
2022 Q4,Birth Rates,Teen Birth Rates,15-17 years,All races and origins,5.60,"per 1,000 population",
2022 Q4,Birth Rates,Teen Birth Rates,15-17 years,Hispanic,9.30,"per 1,000 population",
2022 Q4,Birth Rates,Teen Birth Rates,15-17 years,Non-Hispanic Black,9.00,"per 1,000 population",
2022 Q4,Birth Rates,Teen Birth Rates,15-17 years,Non-Hispanic White,3.10,"per 1,000 population",
2022 Q4,Birth Rates,Teen Birth Rates,18-19 years,All races and origins,25.80,"per 1,000 population",
2022 Q4,Birth Rates,Teen Birth Rates,18-19 years,Hispanic,40.10,"per 1,000 population",
2022 Q4,Birth Rates,Teen Birth Rates,18-19 years,Non-Hispanic Black,37.70,"per 1,000 population",
2022 Q4,Birth Rates,Teen Birth Rates,18-19 years,Non-Hispanic White,17.90,"per 1,000 population",
2022 Q4,Birth Rates,Teen Birth Rates,15-19 years,All races and origins,13.60,"per 1,000 population",
2022 Q4,Birth Rates,Teen Birth Rates,15-19 years,Hispanic,21.30,"per 1,000 population",
2022 Q4,Birth Rates,Teen Birth Rates,15-19 years,Non-Hispanic Black,20.30,"per 1,000 population",
2022 Q4,Birth Rates,Teen Birth Rates,15-19 years,Non-Hispanic White,9.10,"per 1,000 population",
2022 Q4,Birthweight,Low Birthweight Rates,"Low birthweight (Less than 2,500g)",All races and origins,8.60,per 100 births,
2022 Q4,Birthweight,Low Birthweight Rates,"Low birthweight (Less than 2,500g)",Hispanic,7.87,per 100 births,
2022 Q4,Birthweight,Low Birthweight Rates,"Low birthweight (Less than 2,500g)",Non-Hispanic Black,14.75,per 100 births,
2022 Q4,Birthweight,Low Birthweight Rates,"Low birthweight (Less than 2,500g)",Non-Hispanic White,7.12,per 100 births,
2022 Q4,Gestational Age,Preterm Birth Rates,Early preterm (<34 weeks),All races and origins,2.76,per 100 births,
2022 Q4,Gestational Age,Preterm Birth Rates,Early preterm (<34 weeks),Hispanic,2.60,per 100 births,
2022 Q4,Gestational Age,Preterm Birth Rates,Early preterm (<34 weeks),Non-Hispanic Black,4.89,per 100 births,
2022 Q4,Gestational Age,Preterm Birth Rates,Early preterm (<34 weeks),Non-Hispanic White,2.28,per 100 births,
2022 Q4,Gestational Age,Preterm Birth Rates,Late preterm (34-36 weeks),All races and origins,7.62,per 100 births,
2022 Q4,Gestational Age,Preterm Birth Rates,Late preterm (34-36 weeks),Hispanic,7.46,per 100 births,
2022 Q4,Gestational Age,Preterm Birth Rates,Late preterm (34-36 weeks),Non-Hispanic Black,9.70,per 100 births,
2022 Q4,Gestational Age,Preterm Birth Rates,Late preterm (34-36 weeks),Non-Hispanic White,7.16,per 100 births,
2022 Q4,Gestational Age,Preterm Birth Rates,Total preterm (<37 weeks),All races and origins,10.38,per 100 births,
2022 Q4,Gestational Age,Preterm Birth Rates,Total preterm (<37 weeks),Hispanic,10.06,per 100 births,
2022 Q4,Gestational Age,Preterm Birth Rates,Total preterm (<37 weeks),Non-Hispanic Black,14.59,per 100 births,
2022 Q4,Gestational Age,Preterm Birth Rates,Total preterm (<37 weeks),Non-Hispanic White,9.44,per 100 births,
2022 Q4,Gestational Age,Term Birth Rates,Early term (37-38 weeks),All races and origins,29.31,per 100 births,
2022 Q4,Gestational Age,Term Birth Rates,Early term (37-38 weeks),Hispanic,30.10,per 100 births,
2022 Q4,Gestational Age,Term Birth Rates,Early term (37-38 weeks),Non-Hispanic Black,32.73,per 100 births,
2022 Q4,Gestational Age,Term Birth Rates,Early term (37-38 weeks),Non-Hispanic White,27.68,per 100 births,
2022 Q4,Gestational Age,Term Birth Rates,Full term (39-40 weeks),All races and origins,55.32,per 100 births,
2022 Q4,Gestational Age,Term Birth Rates,Full term (39-40 weeks),Hispanic,55.24,per 100 births,
2022 Q4,Gestational Age,Term Birth Rates,Full term (39-40 weeks),Non-Hispanic Black,48.81,per 100 births,
2022 Q4,Gestational Age,Term Birth Rates,Full term (39-40 weeks),Non-Hispanic White,57.25,per 100 births,
2022 Q4,Gestational Age,Term Birth Rates,Late term (41 weeks),All races and origins,4.99,per 100 births,
2022 Q4,Gestational Age,Term Birth Rates,Late term (41 weeks),Hispanic,4.59,per 100 births,
2022 Q4,Gestational Age,Term Birth Rates,Late term (41 weeks),Non-Hispanic Black,3.88,per 100 births,
2022 Q4,Gestational Age,Term Birth Rates,Late term (41 weeks),Non-Hispanic White,5.63,per 100 births,
2022 Q4,Method of Delivery,Cesarean Delivery Rates,Cesarean,All races and origins,32.10,per 100 births,
2022 Q4,Method of Delivery,Cesarean Delivery Rates,Cesarean,Hispanic,31.70,per 100 births,
2022 Q4,Method of Delivery,Cesarean Delivery Rates,Cesarean,Non-Hispanic Black,36.80,per 100 births,
2022 Q4,Method of Delivery,Cesarean Delivery Rates,Cesarean,Non-Hispanic White,31.10,per 100 births,
2022 Q4,Method of Delivery,Cesarean Delivery Rates,Low-risk Cesarean,All races and origins,26.30,per 100 births,
2022 Q4,Method of Delivery,Cesarean Delivery Rates,Low-risk Cesarean,Hispanic,25.60,per 100 births,
2022 Q4,Method of Delivery,Cesarean Delivery Rates,Low-risk Cesarean,Non-Hispanic Black,30.80,per 100 births,
2022 Q4,Method of Delivery,Cesarean Delivery Rates,Low-risk Cesarean,Non-Hispanic White,25.30,per 100 births,
2022 Q4,Method of Delivery,Vaginal Birth After Cesarean Delivery Rates,Vaginal Birth After Cesarean Delivery,All races and origins,14.60,per 100 births,
2022 Q4,Method of Delivery,Vaginal Birth After Cesarean Delivery Rates,Vaginal Birth After Cesarean Delivery,Hispanic,14.30,per 100 births,
2022 Q4,Method of Delivery,Vaginal Birth After Cesarean Delivery Rates,Vaginal Birth After Cesarean Delivery,Non-Hispanic Black,14.60,per 100 births,
2022 Q4,Method of Delivery,Vaginal Birth After Cesarean Delivery Rates,Vaginal Birth After Cesarean Delivery,Non-Hispanic White,14.70,per 100 births,
2022 Q4,NICU Admission,NICU Admission Rates,NICU Admission,All races and origins,9.50,per 100 births,
2022 Q4,NICU Admission,NICU Admission Rates,NICU Admission,Hispanic,8.60,per 100 births,
2022 Q4,NICU Admission,NICU Admission Rates,NICU Admission,Non-Hispanic Black,13.00,per 100 births,
2022 Q4,NICU Admission,NICU Admission Rates,NICU Admission,Non-Hispanic White,9.10,per 100 births,
2022 Q4,Source of Payment for the Delivery,Medicaid,Medicaid,All races and origins,41.30,per 100 births,
2022 Q4,Source of Payment for the Delivery,Medicaid,Medicaid,Hispanic,58.60,per 100 births,
2022 Q4,Source of Payment for the Delivery,Medicaid,Medicaid,Non-Hispanic Black,64.10,per 100 births,
2022 Q4,Source of Payment for the Delivery,Medicaid,Medicaid,Non-Hispanic White,27.80,per 100 births,
2022 Q3,Birth Rates,Age-specific Birth Rates,10-14 years,All races and origins,0.20,"per 1,000 population",
2022 Q3,Birth Rates,Age-specific Birth Rates,10-14 years,Hispanic,0.30,"per 1,000 population",
2022 Q3,Birth Rates,Age-specific Birth Rates,10-14 years,Non-Hispanic Black,0.30,"per 1,000 population",
2022 Q3,Birth Rates,Age-specific Birth Rates,10-14 years,Non-Hispanic White,0.10,"per 1,000 population",
2022 Q3,Birth Rates,Age-specific Birth Rates,15-19 years,All races and origins,13.60,"per 1,000 population",
2022 Q3,Birth Rates,Age-specific Birth Rates,15-19 years,Hispanic,21.10,"per 1,000 population",
2022 Q3,Birth Rates,Age-specific Birth Rates,15-19 years,Non-Hispanic Black,20.50,"per 1,000 population",
2022 Q3,Birth Rates,Age-specific Birth Rates,15-19 years,Non-Hispanic White,9.10,"per 1,000 population",
2022 Q3,Birth Rates,Age-specific Birth Rates,20-24 years,All races and origins,57.70,"per 1,000 population",
2022 Q3,Birth Rates,Age-specific Birth Rates,20-24 years,Hispanic,78.90,"per 1,000 population",
2022 Q3,Birth Rates,Age-specific Birth Rates,20-24 years,Non-Hispanic Black,72.00,"per 1,000 population",
2022 Q3,Birth Rates,Age-specific Birth Rates,20-24 years,Non-Hispanic White,48.50,"per 1,000 population",
2022 Q3,Birth Rates,Age-specific Birth Rates,25-29 years,All races and origins,93.60,"per 1,000 population",
2022 Q3,Birth Rates,Age-specific Birth Rates,25-29 years,Hispanic,113.20,"per 1,000 population",
2022 Q3,Birth Rates,Age-specific Birth Rates,25-29 years,Non-Hispanic Black,91.20,"per 1,000 population",
2022 Q3,Birth Rates,Age-specific Birth Rates,25-29 years,Non-Hispanic White,91.20,"per 1,000 population",
2022 Q3,Birth Rates,Age-specific Birth Rates,30-34 years,All races and origins,97.70,"per 1,000 population",
2022 Q3,Birth Rates,Age-specific Birth Rates,30-34 years,Hispanic,102.20,"per 1,000 population",
2022 Q3,Birth Rates,Age-specific Birth Rates,30-34 years,Non-Hispanic Black,80.00,"per 1,000 population",
2022 Q3,Birth Rates,Age-specific Birth Rates,30-34 years,Non-Hispanic White,100.80,"per 1,000 population",
2022 Q3,Birth Rates,Age-specific Birth Rates,35-39 years,All races and origins,55.30,"per 1,000 population",
2022 Q3,Birth Rates,Age-specific Birth Rates,35-39 years,Hispanic,58.90,"per 1,000 population",
2022 Q3,Birth Rates,Age-specific Birth Rates,35-39 years,Non-Hispanic Black,50.10,"per 1,000 population",
2022 Q3,Birth Rates,Age-specific Birth Rates,35-39 years,Non-Hispanic White,53.30,"per 1,000 population",
2022 Q3,Birth Rates,Age-specific Birth Rates,40-44 years,All races and origins,12.60,"per 1,000 population",
2022 Q3,Birth Rates,Age-specific Birth Rates,40-44 years,Hispanic,15.30,"per 1,000 population",
2022 Q3,Birth Rates,Age-specific Birth Rates,40-44 years,Non-Hispanic Black,13.60,"per 1,000 population",
2022 Q3,Birth Rates,Age-specific Birth Rates,40-44 years,Non-Hispanic White,10.70,"per 1,000 population",
2022 Q3,Birth Rates,Age-specific Birth Rates,45+ years,All races and origins,1.10,"per 1,000 population",
2022 Q3,Birth Rates,Age-specific Birth Rates,45+ years,Hispanic,1.10,"per 1,000 population",
2022 Q3,Birth Rates,Age-specific Birth Rates,45+ years,Non-Hispanic Black,1.40,"per 1,000 population",
2022 Q3,Birth Rates,Age-specific Birth Rates,45+ years,Non-Hispanic White,0.90,"per 1,000 population",
2022 Q3,Birth Rates,General Fertility Rates,15-44 years,All races and origins,56.00,"per 1,000 population",
2022 Q3,Birth Rates,General Fertility Rates,15-44 years,Hispanic,65.40,"per 1,000 population",
2022 Q3,Birth Rates,General Fertility Rates,15-44 years,Non-Hispanic Black,56.40,"per 1,000 population",
2022 Q3,Birth Rates,General Fertility Rates,15-44 years,Non-Hispanic White,53.30,"per 1,000 population",
2022 Q3,Birth Rates,Teen Birth Rates,10-14 years,All races and origins,0.20,"per 1,000 population",
2022 Q3,Birth Rates,Teen Birth Rates,10-14 years,Hispanic,0.30,"per 1,000 population",
2022 Q3,Birth Rates,Teen Birth Rates,10-14 years,Non-Hispanic Black,0.30,"per 1,000 population",
2022 Q3,Birth Rates,Teen Birth Rates,10-14 years,Non-Hispanic White,0.10,"per 1,000 population",
2022 Q3,Birth Rates,Teen Birth Rates,15-17 years,All races and origins,5.50,"per 1,000 population",
2022 Q3,Birth Rates,Teen Birth Rates,15-17 years,Hispanic,9.20,"per 1,000 population",
2022 Q3,Birth Rates,Teen Birth Rates,15-17 years,Non-Hispanic Black,9.00,"per 1,000 population",
2022 Q3,Birth Rates,Teen Birth Rates,15-17 years,Non-Hispanic White,3.10,"per 1,000 population",
2022 Q3,Birth Rates,Teen Birth Rates,18-19 years,All races and origins,25.80,"per 1,000 population",
2022 Q3,Birth Rates,Teen Birth Rates,18-19 years,Hispanic,39.80,"per 1,000 population",
2022 Q3,Birth Rates,Teen Birth Rates,18-19 years,Non-Hispanic Black,38.10,"per 1,000 population",
2022 Q3,Birth Rates,Teen Birth Rates,18-19 years,Non-Hispanic White,18.00,"per 1,000 population",
2022 Q3,Birth Rates,Teen Birth Rates,15-19 years,All races and origins,13.60,"per 1,000 population",
2022 Q3,Birth Rates,Teen Birth Rates,15-19 years,Hispanic,21.10,"per 1,000 population",
2022 Q3,Birth Rates,Teen Birth Rates,15-19 years,Non-Hispanic Black,20.50,"per 1,000 population",
2022 Q3,Birth Rates,Teen Birth Rates,15-19 years,Non-Hispanic White,9.10,"per 1,000 population",
2022 Q3,Birthweight,Low Birthweight Rates,"Low birthweight (Less than 2,500g)",All races and origins,8.59,per 100 births,
2022 Q3,Birthweight,Low Birthweight Rates,"Low birthweight (Less than 2,500g)",Hispanic,7.85,per 100 births,
2022 Q3,Birthweight,Low Birthweight Rates,"Low birthweight (Less than 2,500g)",Non-Hispanic Black,14.69,per 100 births,
2022 Q3,Birthweight,Low Birthweight Rates,"Low birthweight (Less than 2,500g)",Non-Hispanic White,7.12,per 100 births,
2022 Q3,Gestational Age,Preterm Birth Rates,Early preterm (<34 weeks),All races and origins,2.78,per 100 births,
2022 Q3,Gestational Age,Preterm Birth Rates,Early preterm (<34 weeks),Hispanic,2.62,per 100 births,
2022 Q3,Gestational Age,Preterm Birth Rates,Early preterm (<34 weeks),Non-Hispanic Black,4.88,per 100 births,
2022 Q3,Gestational Age,Preterm Birth Rates,Early preterm (<34 weeks),Non-Hispanic White,2.30,per 100 births,
2022 Q3,Gestational Age,Preterm Birth Rates,Late preterm (34-36 weeks),All races and origins,7.61,per 100 births,
2022 Q3,Gestational Age,Preterm Birth Rates,Late preterm (34-36 weeks),Hispanic,7.46,per 100 births,
2022 Q3,Gestational Age,Preterm Birth Rates,Late preterm (34-36 weeks),Non-Hispanic Black,9.67,per 100 births,
2022 Q3,Gestational Age,Preterm Birth Rates,Late preterm (34-36 weeks),Non-Hispanic White,7.14,per 100 births,
2022 Q3,Gestational Age,Preterm Birth Rates,Total preterm (<37 weeks),All races and origins,10.39,per 100 births,
2022 Q3,Gestational Age,Preterm Birth Rates,Total preterm (<37 weeks),Hispanic,10.08,per 100 births,
2022 Q3,Gestational Age,Preterm Birth Rates,Total preterm (<37 weeks),Non-Hispanic Black,14.55,per 100 births,
2022 Q3,Gestational Age,Preterm Birth Rates,Total preterm (<37 weeks),Non-Hispanic White,9.44,per 100 births,
2022 Q3,Gestational Age,Term Birth Rates,Early term (37-38 weeks),All races and origins,29.13,per 100 births,
2022 Q3,Gestational Age,Term Birth Rates,Early term (37-38 weeks),Hispanic,29.99,per 100 births,
2022 Q3,Gestational Age,Term Birth Rates,Early term (37-38 weeks),Non-Hispanic Black,32.49,per 100 births,
2022 Q3,Gestational Age,Term Birth Rates,Early term (37-38 weeks),Non-Hispanic White,27.50,per 100 births,
2022 Q3,Gestational Age,Term Birth Rates,Full term (39-40 weeks),All races and origins,55.51,per 100 births,
2022 Q3,Gestational Age,Term Birth Rates,Full term (39-40 weeks),Hispanic,55.39,per 100 births,
2022 Q3,Gestational Age,Term Birth Rates,Full term (39-40 weeks),Non-Hispanic Black,49.06,per 100 births,
2022 Q3,Gestational Age,Term Birth Rates,Full term (39-40 weeks),Non-Hispanic White,57.45,per 100 births,
2022 Q3,Gestational Age,Term Birth Rates,Late term (41 weeks),All races and origins,4.96,per 100 births,
2022 Q3,Gestational Age,Term Birth Rates,Late term (41 weeks),Hispanic,4.53,per 100 births,
2022 Q3,Gestational Age,Term Birth Rates,Late term (41 weeks),Non-Hispanic Black,3.90,per 100 births,
2022 Q3,Gestational Age,Term Birth Rates,Late term (41 weeks),Non-Hispanic White,5.61,per 100 births,
2022 Q3,Method of Delivery,Cesarean Delivery Rates,Cesarean,All races and origins,32.10,per 100 births,
2022 Q3,Method of Delivery,Cesarean Delivery Rates,Cesarean,Hispanic,31.60,per 100 births,
2022 Q3,Method of Delivery,Cesarean Delivery Rates,Cesarean,Non-Hispanic Black,36.80,per 100 births,
2022 Q3,Method of Delivery,Cesarean Delivery Rates,Cesarean,Non-Hispanic White,31.10,per 100 births,
2022 Q3,Method of Delivery,Cesarean Delivery Rates,Low-risk Cesarean,All races and origins,26.30,per 100 births,
2022 Q3,Method of Delivery,Cesarean Delivery Rates,Low-risk Cesarean,Hispanic,25.50,per 100 births,
2022 Q3,Method of Delivery,Cesarean Delivery Rates,Low-risk Cesarean,Non-Hispanic Black,30.90,per 100 births,
2022 Q3,Method of Delivery,Cesarean Delivery Rates,Low-risk Cesarean,Non-Hispanic White,25.30,per 100 births,
2022 Q3,Method of Delivery,Vaginal Birth After Cesarean Delivery Rates,Vaginal Birth After Cesarean Delivery,All races and origins,14.50,per 100 births,
2022 Q3,Method of Delivery,Vaginal Birth After Cesarean Delivery Rates,Vaginal Birth After Cesarean Delivery,Hispanic,14.10,per 100 births,
2022 Q3,Method of Delivery,Vaginal Birth After Cesarean Delivery Rates,Vaginal Birth After Cesarean Delivery,Non-Hispanic Black,14.40,per 100 births,
2022 Q3,Method of Delivery,Vaginal Birth After Cesarean Delivery Rates,Vaginal Birth After Cesarean Delivery,Non-Hispanic White,14.60,per 100 births,
2022 Q3,NICU Admission,NICU Admission Rates,NICU Admission,All races and origins,9.50,per 100 births,
2022 Q3,NICU Admission,NICU Admission Rates,NICU Admission,Hispanic,8.60,per 100 births,
2022 Q3,NICU Admission,NICU Admission Rates,NICU Admission,Non-Hispanic Black,12.90,per 100 births,
2022 Q3,NICU Admission,NICU Admission Rates,NICU Admission,Non-Hispanic White,9.00,per 100 births,
2022 Q3,Source of Payment for the Delivery,Medicaid,Medicaid,All races and origins,41.20,per 100 births,
2022 Q3,Source of Payment for the Delivery,Medicaid,Medicaid,Hispanic,58.40,per 100 births,
2022 Q3,Source of Payment for the Delivery,Medicaid,Medicaid,Non-Hispanic Black,64.00,per 100 births,
2022 Q3,Source of Payment for the Delivery,Medicaid,Medicaid,Non-Hispanic White,27.80,per 100 births,
2022 Q2,Birth Rates,Age-specific Birth Rates,10-14 years,All races and origins,0.20,"per 1,000 population",
2022 Q2,Birth Rates,Age-specific Birth Rates,10-14 years,Hispanic,0.30,"per 1,000 population",
2022 Q2,Birth Rates,Age-specific Birth Rates,10-14 years,Non-Hispanic Black,0.30,"per 1,000 population",
2022 Q2,Birth Rates,Age-specific Birth Rates,10-14 years,Non-Hispanic White,0.10,"per 1,000 population",
2022 Q2,Birth Rates,Age-specific Birth Rates,15-19 years,All races and origins,13.80,"per 1,000 population",
2022 Q2,Birth Rates,Age-specific Birth Rates,15-19 years,Hispanic,21.20,"per 1,000 population",
2022 Q2,Birth Rates,Age-specific Birth Rates,15-19 years,Non-Hispanic Black,20.90,"per 1,000 population",
2022 Q2,Birth Rates,Age-specific Birth Rates,15-19 years,Non-Hispanic White,9.20,"per 1,000 population",
2022 Q2,Birth Rates,Age-specific Birth Rates,20-24 years,All races and origins,58.20,"per 1,000 population",
2022 Q2,Birth Rates,Age-specific Birth Rates,20-24 years,Hispanic,78.90,"per 1,000 population",
2022 Q2,Birth Rates,Age-specific Birth Rates,20-24 years,Non-Hispanic Black,73.70,"per 1,000 population",
2022 Q2,Birth Rates,Age-specific Birth Rates,20-24 years,Non-Hispanic White,48.90,"per 1,000 population",
2022 Q2,Birth Rates,Age-specific Birth Rates,25-29 years,All races and origins,93.80,"per 1,000 population",
2022 Q2,Birth Rates,Age-specific Birth Rates,25-29 years,Hispanic,112.30,"per 1,000 population",
2022 Q2,Birth Rates,Age-specific Birth Rates,25-29 years,Non-Hispanic Black,92.20,"per 1,000 population",
2022 Q2,Birth Rates,Age-specific Birth Rates,25-29 years,Non-Hispanic White,91.60,"per 1,000 population",
2022 Q2,Birth Rates,Age-specific Birth Rates,30-34 years,All races and origins,98.50,"per 1,000 population",
2022 Q2,Birth Rates,Age-specific Birth Rates,30-34 years,Hispanic,102.10,"per 1,000 population",
2022 Q2,Birth Rates,Age-specific Birth Rates,30-34 years,Non-Hispanic Black,80.70,"per 1,000 population",
2022 Q2,Birth Rates,Age-specific Birth Rates,30-34 years,Non-Hispanic White,102.00,"per 1,000 population",
2022 Q2,Birth Rates,Age-specific Birth Rates,35-39 years,All races and origins,55.30,"per 1,000 population",
2022 Q2,Birth Rates,Age-specific Birth Rates,35-39 years,Hispanic,58.10,"per 1,000 population",
2022 Q2,Birth Rates,Age-specific Birth Rates,35-39 years,Non-Hispanic Black,50.00,"per 1,000 population",
2022 Q2,Birth Rates,Age-specific Birth Rates,35-39 years,Non-Hispanic White,53.70,"per 1,000 population",
2022 Q2,Birth Rates,Age-specific Birth Rates,40-44 years,All races and origins,12.50,"per 1,000 population",
2022 Q2,Birth Rates,Age-specific Birth Rates,40-44 years,Hispanic,15.10,"per 1,000 population",
2022 Q2,Birth Rates,Age-specific Birth Rates,40-44 years,Non-Hispanic Black,13.50,"per 1,000 population",
2022 Q2,Birth Rates,Age-specific Birth Rates,40-44 years,Non-Hispanic White,10.80,"per 1,000 population",
2022 Q2,Birth Rates,Age-specific Birth Rates,45+ years,All races and origins,1.00,"per 1,000 population",
2022 Q2,Birth Rates,Age-specific Birth Rates,45+ years,Hispanic,1.10,"per 1,000 population",
2022 Q2,Birth Rates,Age-specific Birth Rates,45+ years,Non-Hispanic Black,1.30,"per 1,000 population",
2022 Q2,Birth Rates,Age-specific Birth Rates,45+ years,Non-Hispanic White,0.90,"per 1,000 population",
2022 Q2,Birth Rates,General Fertility Rates,15-44 years,All races and origins,56.30,"per 1,000 population",
2022 Q2,Birth Rates,General Fertility Rates,15-44 years,Hispanic,65.00,"per 1,000 population",
2022 Q2,Birth Rates,General Fertility Rates,15-44 years,Non-Hispanic Black,57.00,"per 1,000 population",
2022 Q2,Birth Rates,General Fertility Rates,15-44 years,Non-Hispanic White,53.80,"per 1,000 population",
2022 Q2,Birth Rates,Teen Birth Rates,10-14 years,All races and origins,0.20,"per 1,000 population",
2022 Q2,Birth Rates,Teen Birth Rates,10-14 years,Hispanic,0.30,"per 1,000 population",
2022 Q2,Birth Rates,Teen Birth Rates,10-14 years,Non-Hispanic Black,0.30,"per 1,000 population",
2022 Q2,Birth Rates,Teen Birth Rates,10-14 years,Non-Hispanic White,0.10,"per 1,000 population",
2022 Q2,Birth Rates,Teen Birth Rates,15-17 years,All races and origins,5.60,"per 1,000 population",
2022 Q2,Birth Rates,Teen Birth Rates,15-17 years,Hispanic,9.30,"per 1,000 population",
2022 Q2,Birth Rates,Teen Birth Rates,15-17 years,Non-Hispanic Black,9.10,"per 1,000 population",
2022 Q2,Birth Rates,Teen Birth Rates,15-17 years,Non-Hispanic White,3.10,"per 1,000 population",
2022 Q2,Birth Rates,Teen Birth Rates,18-19 years,All races and origins,26.00,"per 1,000 population",
2022 Q2,Birth Rates,Teen Birth Rates,18-19 years,Hispanic,39.60,"per 1,000 population",
2022 Q2,Birth Rates,Teen Birth Rates,18-19 years,Non-Hispanic Black,38.80,"per 1,000 population",
2022 Q2,Birth Rates,Teen Birth Rates,18-19 years,Non-Hispanic White,18.10,"per 1,000 population",
2022 Q2,Birth Rates,Teen Birth Rates,15-19 years,All races and origins,13.80,"per 1,000 population",
2022 Q2,Birth Rates,Teen Birth Rates,15-19 years,Hispanic,21.20,"per 1,000 population",
2022 Q2,Birth Rates,Teen Birth Rates,15-19 years,Non-Hispanic Black,20.90,"per 1,000 population",
2022 Q2,Birth Rates,Teen Birth Rates,15-19 years,Non-Hispanic White,9.20,"per 1,000 population",
2022 Q2,Birthweight,Low Birthweight Rates,"Low birthweight (Less than 2,500g)",All races and origins,8.63,per 100 births,
2022 Q2,Birthweight,Low Birthweight Rates,"Low birthweight (Less than 2,500g)",Hispanic,7.91,per 100 births,
2022 Q2,Birthweight,Low Birthweight Rates,"Low birthweight (Less than 2,500g)",Non-Hispanic Black,14.79,per 100 births,
2022 Q2,Birthweight,Low Birthweight Rates,"Low birthweight (Less than 2,500g)",Non-Hispanic White,7.12,per 100 births,
2022 Q2,Gestational Age,Preterm Birth Rates,Early preterm (<34 weeks),All races and origins,2.80,per 100 births,
2022 Q2,Gestational Age,Preterm Birth Rates,Early preterm (<34 weeks),Hispanic,2.64,per 100 births,
2022 Q2,Gestational Age,Preterm Birth Rates,Early preterm (<34 weeks),Non-Hispanic Black,4.94,per 100 births,
2022 Q2,Gestational Age,Preterm Birth Rates,Early preterm (<34 weeks),Non-Hispanic White,2.30,per 100 births,
2022 Q2,Gestational Age,Preterm Birth Rates,Late preterm (34-36 weeks),All races and origins,7.66,per 100 births,
2022 Q2,Gestational Age,Preterm Birth Rates,Late preterm (34-36 weeks),Hispanic,7.55,per 100 births,
2022 Q2,Gestational Age,Preterm Birth Rates,Late preterm (34-36 weeks),Non-Hispanic Black,9.72,per 100 births,
2022 Q2,Gestational Age,Preterm Birth Rates,Late preterm (34-36 weeks),Non-Hispanic White,7.18,per 100 births,
2022 Q2,Gestational Age,Preterm Birth Rates,Total preterm (<37 weeks),All races and origins,10.46,per 100 births,
2022 Q2,Gestational Age,Preterm Birth Rates,Total preterm (<37 weeks),Hispanic,10.19,per 100 births,
2022 Q2,Gestational Age,Preterm Birth Rates,Total preterm (<37 weeks),Non-Hispanic Black,14.66,per 100 births,
2022 Q2,Gestational Age,Preterm Birth Rates,Total preterm (<37 weeks),Non-Hispanic White,9.48,per 100 births,
2022 Q2,Gestational Age,Term Birth Rates,Early term (37-38 weeks),All races and origins,29.03,per 100 births,
2022 Q2,Gestational Age,Term Birth Rates,Early term (37-38 weeks),Hispanic,30.03,per 100 births,
2022 Q2,Gestational Age,Term Birth Rates,Early term (37-38 weeks),Non-Hispanic Black,32.43,per 100 births,
2022 Q2,Gestational Age,Term Birth Rates,Early term (37-38 weeks),Non-Hispanic White,27.34,per 100 births,
2022 Q2,Gestational Age,Term Birth Rates,Full term (39-40 weeks),All races and origins,55.60,per 100 births,
2022 Q2,Gestational Age,Term Birth Rates,Full term (39-40 weeks),Hispanic,55.35,per 100 births,
2022 Q2,Gestational Age,Term Birth Rates,Full term (39-40 weeks),Non-Hispanic Black,49.07,per 100 births,
2022 Q2,Gestational Age,Term Birth Rates,Full term (39-40 weeks),Non-Hispanic White,57.60,per 100 births,
2022 Q2,Gestational Age,Term Birth Rates,Late term (41 weeks),All races and origins,4.91,per 100 births,
2022 Q2,Gestational Age,Term Birth Rates,Late term (41 weeks),Hispanic,4.42,per 100 births,
2022 Q2,Gestational Age,Term Birth Rates,Late term (41 weeks),Non-Hispanic Black,3.84,per 100 births,
2022 Q2,Gestational Age,Term Birth Rates,Late term (41 weeks),Non-Hispanic White,5.58,per 100 births,
2022 Q2,Method of Delivery,Cesarean Delivery Rates,Cesarean,All races and origins,32.20,per 100 births,
2022 Q2,Method of Delivery,Cesarean Delivery Rates,Cesarean,Hispanic,31.70,per 100 births,
2022 Q2,Method of Delivery,Cesarean Delivery Rates,Cesarean,Non-Hispanic Black,36.80,per 100 births,
2022 Q2,Method of Delivery,Cesarean Delivery Rates,Cesarean,Non-Hispanic White,31.10,per 100 births,
2022 Q2,Method of Delivery,Cesarean Delivery Rates,Low-risk Cesarean,All races and origins,26.30,per 100 births,
2022 Q2,Method of Delivery,Cesarean Delivery Rates,Low-risk Cesarean,Hispanic,25.50,per 100 births,
2022 Q2,Method of Delivery,Cesarean Delivery Rates,Low-risk Cesarean,Non-Hispanic Black,30.90,per 100 births,
2022 Q2,Method of Delivery,Cesarean Delivery Rates,Low-risk Cesarean,Non-Hispanic White,25.30,per 100 births,
2022 Q2,Method of Delivery,Vaginal Birth After Cesarean Delivery Rates,Vaginal Birth After Cesarean Delivery,All races and origins,14.40,per 100 births,
2022 Q2,Method of Delivery,Vaginal Birth After Cesarean Delivery Rates,Vaginal Birth After Cesarean Delivery,Hispanic,13.90,per 100 births,
2022 Q2,Method of Delivery,Vaginal Birth After Cesarean Delivery Rates,Vaginal Birth After Cesarean Delivery,Non-Hispanic Black,14.30,per 100 births,
2022 Q2,Method of Delivery,Vaginal Birth After Cesarean Delivery Rates,Vaginal Birth After Cesarean Delivery,Non-Hispanic White,14.50,per 100 births,
2022 Q2,NICU Admission,NICU Admission Rates,NICU Admission,All races and origins,9.50,per 100 births,
2022 Q2,NICU Admission,NICU Admission Rates,NICU Admission,Hispanic,8.70,per 100 births,
2022 Q2,NICU Admission,NICU Admission Rates,NICU Admission,Non-Hispanic Black,13.00,per 100 births,
2022 Q2,NICU Admission,NICU Admission Rates,NICU Admission,Non-Hispanic White,9.00,per 100 births,
2022 Q2,Source of Payment for the Delivery,Medicaid,Medicaid,All races and origins,41.00,per 100 births,
2022 Q2,Source of Payment for the Delivery,Medicaid,Medicaid,Hispanic,58.10,per 100 births,
2022 Q2,Source of Payment for the Delivery,Medicaid,Medicaid,Non-Hispanic Black,63.80,per 100 births,
2022 Q2,Source of Payment for the Delivery,Medicaid,Medicaid,Non-Hispanic White,27.80,per 100 births,
2022 Q1,Birth Rates,Age-specific Birth Rates,10-14 years,All races and origins,0.20,"per 1,000 population",
2022 Q1,Birth Rates,Age-specific Birth Rates,10-14 years,Hispanic,0.30,"per 1,000 population",
2022 Q1,Birth Rates,Age-specific Birth Rates,10-14 years,Non-Hispanic Black,0.40,"per 1,000 population",
2022 Q1,Birth Rates,Age-specific Birth Rates,10-14 years,Non-Hispanic White,0.10,"per 1,000 population",
2022 Q1,Birth Rates,Age-specific Birth Rates,15-19 years,All races and origins,14.30,"per 1,000 population",
2022 Q1,Birth Rates,Age-specific Birth Rates,15-19 years,Hispanic,22.00,"per 1,000 population",
2022 Q1,Birth Rates,Age-specific Birth Rates,15-19 years,Non-Hispanic Black,22.20,"per 1,000 population",
2022 Q1,Birth Rates,Age-specific Birth Rates,15-19 years,Non-Hispanic White,9.60,"per 1,000 population",
2022 Q1,Birth Rates,Age-specific Birth Rates,20-24 years,All races and origins,61.80,"per 1,000 population",
2022 Q1,Birth Rates,Age-specific Birth Rates,20-24 years,Hispanic,83.70,"per 1,000 population",
2022 Q1,Birth Rates,Age-specific Birth Rates,20-24 years,Non-Hispanic Black,79.00,"per 1,000 population",
2022 Q1,Birth Rates,Age-specific Birth Rates,20-24 years,Non-Hispanic White,51.80,"per 1,000 population",
2022 Q1,Birth Rates,Age-specific Birth Rates,25-29 years,All races and origins,93.10,"per 1,000 population",
2022 Q1,Birth Rates,Age-specific Birth Rates,25-29 years,Hispanic,110.50,"per 1,000 population",
2022 Q1,Birth Rates,Age-specific Birth Rates,25-29 years,Non-Hispanic Black,91.70,"per 1,000 population",
2022 Q1,Birth Rates,Age-specific Birth Rates,25-29 years,Non-Hispanic White,91.00,"per 1,000 population",
2022 Q1,Birth Rates,Age-specific Birth Rates,30-34 years,All races and origins,98.10,"per 1,000 population",
2022 Q1,Birth Rates,Age-specific Birth Rates,30-34 years,Hispanic,100.20,"per 1,000 population",
2022 Q1,Birth Rates,Age-specific Birth Rates,30-34 years,Non-Hispanic Black,80.20,"per 1,000 population",
2022 Q1,Birth Rates,Age-specific Birth Rates,30-34 years,Non-Hispanic White,102.00,"per 1,000 population",
2022 Q1,Birth Rates,Age-specific Birth Rates,35-39 years,All races and origins,55.30,"per 1,000 population",
2022 Q1,Birth Rates,Age-specific Birth Rates,35-39 years,Hispanic,57.50,"per 1,000 population",
2022 Q1,Birth Rates,Age-specific Birth Rates,35-39 years,Non-Hispanic Black,49.80,"per 1,000 population",
2022 Q1,Birth Rates,Age-specific Birth Rates,35-39 years,Non-Hispanic White,53.90,"per 1,000 population",
2022 Q1,Birth Rates,Age-specific Birth Rates,40-44 years,All races and origins,12.50,"per 1,000 population",
2022 Q1,Birth Rates,Age-specific Birth Rates,40-44 years,Hispanic,15.10,"per 1,000 population",
2022 Q1,Birth Rates,Age-specific Birth Rates,40-44 years,Non-Hispanic Black,13.40,"per 1,000 population",
2022 Q1,Birth Rates,Age-specific Birth Rates,40-44 years,Non-Hispanic White,10.80,"per 1,000 population",
2022 Q1,Birth Rates,Age-specific Birth Rates,45+ years,All races and origins,1.00,"per 1,000 population",
2022 Q1,Birth Rates,Age-specific Birth Rates,45+ years,Hispanic,1.10,"per 1,000 population",
2022 Q1,Birth Rates,Age-specific Birth Rates,45+ years,Non-Hispanic Black,1.30,"per 1,000 population",
2022 Q1,Birth Rates,Age-specific Birth Rates,45+ years,Non-Hispanic White,0.90,"per 1,000 population",
2022 Q1,Birth Rates,General Fertility Rates,15-44 years,All races and origins,57.20,"per 1,000 population",
2022 Q1,Birth Rates,General Fertility Rates,15-44 years,Hispanic,65.40,"per 1,000 population",
2022 Q1,Birth Rates,General Fertility Rates,15-44 years,Non-Hispanic Black,58.10,"per 1,000 population",
2022 Q1,Birth Rates,General Fertility Rates,15-44 years,Non-Hispanic White,54.70,"per 1,000 population",
2022 Q1,Birth Rates,Teen Birth Rates,10-14 years,All races and origins,0.20,"per 1,000 population",
2022 Q1,Birth Rates,Teen Birth Rates,10-14 years,Hispanic,0.30,"per 1,000 population",
2022 Q1,Birth Rates,Teen Birth Rates,10-14 years,Non-Hispanic Black,0.40,"per 1,000 population",
2022 Q1,Birth Rates,Teen Birth Rates,10-14 years,Non-Hispanic White,0.10,"per 1,000 population",
2022 Q1,Birth Rates,Teen Birth Rates,15-17 years,All races and origins,5.80,"per 1,000 population",
2022 Q1,Birth Rates,Teen Birth Rates,15-17 years,Hispanic,9.70,"per 1,000 population",
2022 Q1,Birth Rates,Teen Birth Rates,15-17 years,Non-Hispanic Black,9.60,"per 1,000 population",
2022 Q1,Birth Rates,Teen Birth Rates,15-17 years,Non-Hispanic White,3.30,"per 1,000 population",
2022 Q1,Birth Rates,Teen Birth Rates,18-19 years,All races and origins,27.20,"per 1,000 population",
2022 Q1,Birth Rates,Teen Birth Rates,18-19 years,Hispanic,41.10,"per 1,000 population",
2022 Q1,Birth Rates,Teen Birth Rates,18-19 years,Non-Hispanic Black,41.00,"per 1,000 population",
2022 Q1,Birth Rates,Teen Birth Rates,18-19 years,Non-Hispanic White,19.00,"per 1,000 population",
2022 Q1,Birth Rates,Teen Birth Rates,15-19 years,All races and origins,14.30,"per 1,000 population",
2022 Q1,Birth Rates,Teen Birth Rates,15-19 years,Hispanic,22.00,"per 1,000 population",
2022 Q1,Birth Rates,Teen Birth Rates,15-19 years,Non-Hispanic Black,22.20,"per 1,000 population",
2022 Q1,Birth Rates,Teen Birth Rates,15-19 years,Non-Hispanic White,9.60,"per 1,000 population",
2022 Q1,Birthweight,Low Birthweight Rates,"Low birthweight (Less than 2,500g)",All races and origins,8.56,per 100 births,
2022 Q1,Birthweight,Low Birthweight Rates,"Low birthweight (Less than 2,500g)",Hispanic,7.83,per 100 births,
2022 Q1,Birthweight,Low Birthweight Rates,"Low birthweight (Less than 2,500g)",Non-Hispanic Black,14.71,per 100 births,
2022 Q1,Birthweight,Low Birthweight Rates,"Low birthweight (Less than 2,500g)",Non-Hispanic White,7.07,per 100 births,
2022 Q1,Gestational Age,Preterm Birth Rates,Early preterm (<34 weeks),All races and origins,2.79,per 100 births,
2022 Q1,Gestational Age,Preterm Birth Rates,Early preterm (<34 weeks),Hispanic,2.63,per 100 births,
2022 Q1,Gestational Age,Preterm Birth Rates,Early preterm (<34 weeks),Non-Hispanic Black,4.92,per 100 births,
2022 Q1,Gestational Age,Preterm Birth Rates,Early preterm (<34 weeks),Non-Hispanic White,2.31,per 100 births,
2022 Q1,Gestational Age,Preterm Birth Rates,Late preterm (34-36 weeks),All races and origins,7.67,per 100 births,
2022 Q1,Gestational Age,Preterm Birth Rates,Late preterm (34-36 weeks),Hispanic,7.54,per 100 births,
2022 Q1,Gestational Age,Preterm Birth Rates,Late preterm (34-36 weeks),Non-Hispanic Black,9.77,per 100 births,
2022 Q1,Gestational Age,Preterm Birth Rates,Late preterm (34-36 weeks),Non-Hispanic White,7.18,per 100 births,
2022 Q1,Gestational Age,Preterm Birth Rates,Total preterm (<37 weeks),All races and origins,10.46,per 100 births,
2022 Q1,Gestational Age,Preterm Birth Rates,Total preterm (<37 weeks),Hispanic,10.17,per 100 births,
2022 Q1,Gestational Age,Preterm Birth Rates,Total preterm (<37 weeks),Non-Hispanic Black,14.68,per 100 births,
2022 Q1,Gestational Age,Preterm Birth Rates,Total preterm (<37 weeks),Non-Hispanic White,9.49,per 100 births,
2022 Q1,Gestational Age,Term Birth Rates,Early term (37-38 weeks),All races and origins,28.94,per 100 births,
2022 Q1,Gestational Age,Term Birth Rates,Early term (37-38 weeks),Hispanic,29.98,per 100 births,
2022 Q1,Gestational Age,Term Birth Rates,Early term (37-38 weeks),Non-Hispanic Black,32.37,per 100 births,
2022 Q1,Gestational Age,Term Birth Rates,Early term (37-38 weeks),Non-Hispanic White,27.24,per 100 births,
2022 Q1,Gestational Age,Term Birth Rates,Full term (39-40 weeks),All races and origins,55.73,per 100 births,
2022 Q1,Gestational Age,Term Birth Rates,Full term (39-40 weeks),Hispanic,55.49,per 100 births,
2022 Q1,Gestational Age,Term Birth Rates,Full term (39-40 weeks),Non-Hispanic Black,49.19,per 100 births,
2022 Q1,Gestational Age,Term Birth Rates,Full term (39-40 weeks),Non-Hispanic White,57.73,per 100 births,
2022 Q1,Gestational Age,Term Birth Rates,Late term (41 weeks),All races and origins,4.87,per 100 births,
2022 Q1,Gestational Age,Term Birth Rates,Late term (41 weeks),Hispanic,4.36,per 100 births,
2022 Q1,Gestational Age,Term Birth Rates,Late term (41 weeks),Non-Hispanic Black,3.75,per 100 births,
2022 Q1,Gestational Age,Term Birth Rates,Late term (41 weeks),Non-Hispanic White,5.54,per 100 births,
2022 Q1,Method of Delivery,Cesarean Delivery Rates,Cesarean,All races and origins,32.10,per 100 births,
2022 Q1,Method of Delivery,Cesarean Delivery Rates,Cesarean,Hispanic,31.60,per 100 births,
2022 Q1,Method of Delivery,Cesarean Delivery Rates,Cesarean,Non-Hispanic Black,36.80,per 100 births,
2022 Q1,Method of Delivery,Cesarean Delivery Rates,Cesarean,Non-Hispanic White,31.10,per 100 births,
2022 Q1,Method of Delivery,Cesarean Delivery Rates,Low-risk Cesarean,All races and origins,26.30,per 100 births,
2022 Q1,Method of Delivery,Cesarean Delivery Rates,Low-risk Cesarean,Hispanic,25.50,per 100 births,
2022 Q1,Method of Delivery,Cesarean Delivery Rates,Low-risk Cesarean,Non-Hispanic Black,31.00,per 100 births,
2022 Q1,Method of Delivery,Cesarean Delivery Rates,Low-risk Cesarean,Non-Hispanic White,25.30,per 100 births,
2022 Q1,Method of Delivery,Vaginal Birth After Cesarean Delivery Rates,Vaginal Birth After Cesarean Delivery,All races and origins,14.30,per 100 births,
2022 Q1,Method of Delivery,Vaginal Birth After Cesarean Delivery Rates,Vaginal Birth After Cesarean Delivery,Hispanic,13.70,per 100 births,
2022 Q1,Method of Delivery,Vaginal Birth After Cesarean Delivery Rates,Vaginal Birth After Cesarean Delivery,Non-Hispanic Black,14.00,per 100 births,
2022 Q1,Method of Delivery,Vaginal Birth After Cesarean Delivery Rates,Vaginal Birth After Cesarean Delivery,Non-Hispanic White,14.50,per 100 births,
2022 Q1,NICU Admission,NICU Admission Rates,NICU Admission,All races and origins,9.50,per 100 births,
2022 Q1,NICU Admission,NICU Admission Rates,NICU Admission,Hispanic,8.70,per 100 births,
2022 Q1,NICU Admission,NICU Admission Rates,NICU Admission,Non-Hispanic Black,12.90,per 100 births,
2022 Q1,NICU Admission,NICU Admission Rates,NICU Admission,Non-Hispanic White,9.00,per 100 births,
2022 Q1,Source of Payment for the Delivery,Medicaid,Medicaid,All races and origins,40.90,per 100 births,
2022 Q1,Source of Payment for the Delivery,Medicaid,Medicaid,Hispanic,58.00,per 100 births,
2022 Q1,Source of Payment for the Delivery,Medicaid,Medicaid,Non-Hispanic Black,63.90,per 100 births,
2022 Q1,Source of Payment for the Delivery,Medicaid,Medicaid,Non-Hispanic White,27.80,per 100 births,
